customer_id,Segment_D4,cluster,cluster_name,recommended_action,Recency,Frequency,Monetary
C1117,G7 Hibernating,3,穩定中段,推次高規則 + 定期 Banner 維繫,75,0,45044
C1369,G8 Lost,2,流失高風險,"加碼折扣 + 主動關懷,搶在流失前挽留",108,0,12006
C0423,G2 Loyal,1,VIP 高頻高額,推 D13 Top 規則加價購 / 專屬客服,39,10,63291
C0414,G8 Lost,2,流失高風險,"加碼折扣 + 主動關懷,搶在流失前挽留",41,9,14304
C0452,G8 Lost,3,穩定中段,推次高規則 + 定期 Banner 維繫,37,8,16951
C0862,G1 VIP(Champions),1,VIP 高頻高額,推 D13 Top 規則加價購 / 專屬客服,20,9,61382
C1064,G7 Hibernating,2,流失高風險,"加碼折扣 + 主動關懷,搶在流失前挽留",67,2,23423
C0742,G1 VIP(Champions),1,VIP 高頻高額,推 D13 Top 規則加價購 / 專屬客服,28,10,41033
C1273,G8 Lost,2,流失高風險,"加碼折扣 + 主動關懷,搶在流失前挽留",77,0,7169
C0260,G1 VIP(Champions),1,VIP 高頻高額,推 D13 Top 規則加價購 / 專屬客服,24,9,56393
C0889,G8 Lost,3,穩定中段,推次高規則 + 定期 Banner 維繫,11,10,6887
C1433,G8 Lost,0,沉睡客戶,大優惠喚醒 + 個人化召回簡訊,219,0,12665
C0713,G2 Loyal,1,VIP 高頻高額,推 D13 Top 規則加價購 / 專屬客服,15,10,27761
C1383,G8 Lost,0,沉睡客戶,大優惠喚醒 + 個人化召回簡訊,312,1,4078
C0071,G1 VIP(Champions),1,VIP 高頻高額,推 D13 Top 規則加價購 / 專屬客服,11,18,51566
C1269,G7 Hibernating,3,穩定中段,推次高規則 + 定期 Banner 維繫,119,3,26989
C1492,G8 Lost,0,沉睡客戶,大優惠喚醒 + 個人化召回簡訊,299,0,12197
C0608,G2 Loyal,1,VIP 高頻高額,推 D13 Top 規則加價購 / 專屬客服,23,9,29470
C0434,G2 Loyal,1,VIP 高頻高額,推 D13 Top 規則加價購 / 專屬客服,32,10,31087
C0052,G1 VIP(Champions),1,VIP 高頻高額,推 D13 Top 規則加價購 / 專屬客服,19,10,80441
C1200,G8 Lost,2,流失高風險,"加碼折扣 + 主動關懷,搶在流失前挽留",90,4,18865
C1129,G8 Lost,3,穩定中段,推次高規則 + 定期 Banner 維繫,86,0,10592
C1191,G8 Lost,2,流失高風險,"加碼折扣 + 主動關懷,搶在流失前挽留",66,2,10251
C1250,G8 Lost,2,流失高風險,"加碼折扣 + 主動關懷,搶在流失前挽留",62,1,10648
C1420,G8 Lost,0,沉睡客戶,大優惠喚醒 + 個人化召回簡訊,251,3,3562
C0433,G3 Big Spenders,3,穩定中段,推次高規則 + 定期 Banner 維繫,26,4,48222
C1453,G8 Lost,3,穩定中段,推次高規則 + 定期 Banner 維繫,153,0,15369
C1471,G8 Lost,2,流失高風險,"加碼折扣 + 主動關懷,搶在流失前挽留",95,0,5372
C1235,G7 Hibernating,3,穩定中段,推次高規則 + 定期 Banner 維繫,108,2,36305
C1282,G8 Lost,3,穩定中段,推次高規則 + 定期 Banner 維繫,106,0,11044
C1086,G7 Hibernating,3,穩定中段,推次高規則 + 定期 Banner 維繫,82,3,37764
C0611,G8 Lost,2,流失高風險,"加碼折扣 + 主動關懷,搶在流失前挽留",44,6,49877
C1285,G8 Lost,2,流失高風險,"加碼折扣 + 主動關懷,搶在流失前挽留",60,2,8158
C1042,G8 Lost,3,穩定中段,推次高規則 + 定期 Banner 維繫,64,4,10447
C0221,G2 Loyal,1,VIP 高頻高額,推 D13 Top 規則加價購 / 專屬客服,18,9,24107
C0340,G2 Loyal,1,VIP 高頻高額,推 D13 Top 規則加價購 / 專屬客服,36,9,36715
C0424,G1 VIP(Champions),1,VIP 高頻高額,推 D13 Top 規則加價購 / 專屬客服,22,8,79103
C0429,G1 VIP(Champions),1,VIP 高頻高額,推 D13 Top 規則加價購 / 專屬客服,11,10,83088
C1106,G8 Lost,3,穩定中段,推次高規則 + 定期 Banner 維繫,67,0,11881
C0077,G1 VIP(Champions),1,VIP 高頻高額,推 D13 Top 規則加價購 / 專屬客服,28,10,43558
C1392,G7 Hibernating,0,沉睡客戶,大優惠喚醒 + 個人化召回簡訊,250,0,25263
C0440,G1 VIP(Champions),1,VIP 高頻高額,推 D13 Top 規則加價購 / 專屬客服,5,9,34794
C1337,G8 Lost,2,流失高風險,"加碼折扣 + 主動關懷,搶在流失前挽留",109,3,6159
C0865,G6 At Risk,1,VIP 高頻高額,推 D13 Top 規則加價購 / 專屬客服,52,11,28993
C1081,G7 Hibernating,2,流失高風險,"加碼折扣 + 主動關懷,搶在流失前挽留",62,3,50696
C0355,G2 Loyal,3,穩定中段,推次高規則 + 定期 Banner 維繫,17,8,21655
C0366,G2 Loyal,1,VIP 高頻高額,推 D13 Top 規則加價購 / 專屬客服,38,11,23636
C0310,G1 VIP(Champions),1,VIP 高頻高額,推 D13 Top 規則加價購 / 專屬客服,29,8,71869
C0737,G5 Potential Loyalists,2,流失高風險,"加碼折扣 + 主動關懷,搶在流失前挽留",20,6,16545
C0999,G8 Lost,2,流失高風險,"加碼折扣 + 主動關懷,搶在流失前挽留",105,3,18895
C0622,G1 VIP(Champions),1,VIP 高頻高額,推 D13 Top 規則加價購 / 專屬客服,19,9,93771
C0544,G5 Potential Loyalists,1,VIP 高頻高額,推 D13 Top 規則加價購 / 專屬客服,18,7,57117
C1141,G8 Lost,2,流失高風險,"加碼折扣 + 主動關懷,搶在流失前挽留",41,2,11997
C1297,G8 Lost,2,流失高風險,"加碼折扣 + 主動關懷,搶在流失前挽留",105,2,4311
C0555,G5 Potential Loyalists,1,VIP 高頻高額,推 D13 Top 規則加價購 / 專屬客服,7,6,120455
C0680,G8 Lost,3,穩定中段,推次高規則 + 定期 Banner 維繫,39,4,10016
C0050,G1 VIP(Champions),1,VIP 高頻高額,推 D13 Top 規則加價購 / 專屬客服,2,13,193062
C0491,G8 Lost,3,穩定中段,推次高規則 + 定期 Banner 維繫,18,12,10460
C0317,G5 Potential Loyalists,3,穩定中段,推次高規則 + 定期 Banner 維繫,3,5,32501
C0905,G7 Hibernating,3,穩定中段,推次高規則 + 定期 Banner 維繫,50,2,25717
C0637,G1 VIP(Champions),1,VIP 高頻高額,推 D13 Top 規則加價購 / 專屬客服,20,11,36163
C0561,G1 VIP(Champions),1,VIP 高頻高額,推 D13 Top 規則加價購 / 專屬客服,8,8,40795
C0487,G2 Loyal,3,穩定中段,推次高規則 + 定期 Banner 維繫,40,9,25677
C0068,G1 VIP(Champions),1,VIP 高頻高額,推 D13 Top 規則加價購 / 專屬客服,21,13,55898
C0812,G5 Potential Loyalists,2,流失高風險,"加碼折扣 + 主動關懷,搶在流失前挽留",20,5,36380
C0494,G5 Potential Loyalists,2,流失高風險,"加碼折扣 + 主動關懷,搶在流失前挽留",12,5,25226
C0311,G2 Loyal,1,VIP 高頻高額,推 D13 Top 規則加價購 / 專屬客服,28,9,25783
C1097,G8 Lost,3,穩定中段,推次高規則 + 定期 Banner 維繫,61,4,8284
C1248,G8 Lost,3,穩定中段,推次高規則 + 定期 Banner 維繫,96,3,5712
C0185,G2 Loyal,1,VIP 高頻高額,推 D13 Top 規則加價購 / 專屬客服,34,12,85000
C0307,G5 Potential Loyalists,1,VIP 高頻高額,推 D13 Top 規則加價購 / 專屬客服,21,7,53048
C0853,G5 Potential Loyalists,3,穩定中段,推次高規則 + 定期 Banner 維繫,13,7,28713
C0793,G8 Lost,3,穩定中段,推次高規則 + 定期 Banner 維繫,36,5,31395
C0290,G1 VIP(Champions),1,VIP 高頻高額,推 D13 Top 規則加價購 / 專屬客服,5,11,48697
C0707,G8 Lost,3,穩定中段,推次高規則 + 定期 Banner 維繫,42,7,8420
C1330,G8 Lost,2,流失高風險,"加碼折扣 + 主動關懷,搶在流失前挽留",114,1,19317
C0655,G5 Potential Loyalists,3,穩定中段,推次高規則 + 定期 Banner 維繫,12,7,26754
C0523,G6 At Risk,1,VIP 高頻高額,推 D13 Top 規則加價購 / 專屬客服,47,10,25699
C0462,G8 Lost,2,流失高風險,"加碼折扣 + 主動關懷,搶在流失前挽留",32,9,7143
C0931,G8 Lost,2,流失高風險,"加碼折扣 + 主動關懷,搶在流失前挽留",54,3,15322
C1035,G8 Lost,2,流失高風險,"加碼折扣 + 主動關懷,搶在流失前挽留",62,2,15234
C0030,G1 VIP(Champions),1,VIP 高頻高額,推 D13 Top 規則加價購 / 專屬客服,10,11,101438
C0241,G5 Potential Loyalists,1,VIP 高頻高額,推 D13 Top 規則加價購 / 專屬客服,9,7,39697
C0799,G1 VIP(Champions),1,VIP 高頻高額,推 D13 Top 規則加價購 / 專屬客服,8,11,33932
C0818,G2 Loyal,1,VIP 高頻高額,推 D13 Top 規則加價購 / 專屬客服,33,11,90161
C0066,G1 VIP(Champions),1,VIP 高頻高額,推 D13 Top 規則加價購 / 專屬客服,3,12,168830
C0602,G8 Lost,3,穩定中段,推次高規則 + 定期 Banner 維繫,35,5,34335
C0925,G7 Hibernating,2,流失高風險,"加碼折扣 + 主動關懷,搶在流失前挽留",49,2,24744
C0755,G2 Loyal,1,VIP 高頻高額,推 D13 Top 規則加價購 / 專屬客服,15,10,22526
C0927,G8 Lost,2,流失高風險,"加碼折扣 + 主動關懷,搶在流失前挽留",72,3,8514
C1102,G8 Lost,2,流失高風險,"加碼折扣 + 主動關懷,搶在流失前挽留",93,2,11588
C0248,G8 Lost,1,VIP 高頻高額,推 D13 Top 規則加價購 / 專屬客服,31,7,67372
C0278,G8 Lost,3,穩定中段,推次高規則 + 定期 Banner 維繫,16,11,16100
C1403,G8 Lost,0,沉睡客戶,大優惠喚醒 + 個人化召回簡訊,259,2,5259
C1067,G7 Hibernating,2,流失高風險,"加碼折扣 + 主動關懷,搶在流失前挽留",77,2,23249
C0480,G2 Loyal,1,VIP 高頻高額,推 D13 Top 規則加價購 / 專屬客服,21,10,22871
C0427,G8 Lost,3,穩定中段,推次高規則 + 定期 Banner 維繫,24,9,14722
C0124,G1 VIP(Champions),1,VIP 高頻高額,推 D13 Top 規則加價購 / 專屬客服,11,8,69816
C1170,G8 Lost,3,穩定中段,推次高規則 + 定期 Banner 維繫,103,3,11357
C0395,G1 VIP(Champions),1,VIP 高頻高額,推 D13 Top 規則加價購 / 專屬客服,11,8,40323
C0986,G8 Lost,2,流失高風險,"加碼折扣 + 主動關懷,搶在流失前挽留",45,4,25492
C0716,G5 Potential Loyalists,3,穩定中段,推次高規則 + 定期 Banner 維繫,23,5,28482
C1135,G8 Lost,2,流失高風險,"加碼折扣 + 主動關懷,搶在流失前挽留",87,0,8536
C1085,G7 Hibernating,2,流失高風險,"加碼折扣 + 主動關懷,搶在流失前挽留",115,0,40491
C0498,G1 VIP(Champions),1,VIP 高頻高額,推 D13 Top 規則加價購 / 專屬客服,14,8,34398
C0045,G8 Lost,3,穩定中段,推次高規則 + 定期 Banner 維繫,0,11,8563
C0060,G5 Potential Loyalists,1,VIP 高頻高額,推 D13 Top 規則加價購 / 專屬客服,18,7,39759
C1162,G7 Hibernating,3,穩定中段,推次高規則 + 定期 Banner 維繫,96,4,30070
C0024,G1 VIP(Champions),1,VIP 高頻高額,推 D13 Top 規則加價購 / 專屬客服,13,21,67737
C0875,G3 Big Spenders,3,穩定中段,推次高規則 + 定期 Banner 維繫,22,3,47489
C0482,G3 Big Spenders,3,穩定中段,推次高規則 + 定期 Banner 維繫,10,4,31789
C1325,G7 Hibernating,2,流失高風險,"加碼折扣 + 主動關懷,搶在流失前挽留",50,2,25184
C0746,G1 VIP(Champions),1,VIP 高頻高額,推 D13 Top 規則加價購 / 專屬客服,15,9,34344
C0232,G2 Loyal,1,VIP 高頻高額,推 D13 Top 規則加價購 / 專屬客服,25,11,21995
C0125,G1 VIP(Champions),1,VIP 高頻高額,推 D13 Top 規則加價購 / 專屬客服,26,22,139015
C0428,G8 Lost,1,VIP 高頻高額,推 D13 Top 規則加價購 / 專屬客服,45,4,67511
C0819,G6 At Risk,1,VIP 高頻高額,推 D13 Top 規則加價購 / 專屬客服,47,7,46767
C0169,G1 VIP(Champions),1,VIP 高頻高額,推 D13 Top 規則加價購 / 專屬客服,19,10,34115
C0116,G1 VIP(Champions),1,VIP 高頻高額,推 D13 Top 規則加價購 / 專屬客服,26,22,60343
C1089,G7 Hibernating,2,流失高風險,"加碼折扣 + 主動關懷,搶在流失前挽留",57,2,36910
C0987,G7 Hibernating,2,流失高風險,"加碼折扣 + 主動關懷,搶在流失前挽留",73,2,25602
C1396,G8 Lost,0,沉睡客戶,大優惠喚醒 + 個人化召回簡訊,175,0,6892
C1425,G8 Lost,0,沉睡客戶,大優惠喚醒 + 個人化召回簡訊,219,1,5849
C0416,G8 Lost,3,穩定中段,推次高規則 + 定期 Banner 維繫,41,8,16953
C0142,G1 VIP(Champions),1,VIP 高頻高額,推 D13 Top 規則加價購 / 專屬客服,4,22,58123
C1234,G7 Hibernating,3,穩定中段,推次高規則 + 定期 Banner 維繫,95,3,33178
C1294,G8 Lost,3,穩定中段,推次高規則 + 定期 Banner 維繫,82,3,11034
C0763,G1 VIP(Champions),1,VIP 高頻高額,推 D13 Top 規則加價購 / 專屬客服,26,8,43519
C1207,G7 Hibernating,2,流失高風險,"加碼折扣 + 主動關懷,搶在流失前挽留",99,1,28716
C0463,G8 Lost,2,流失高風險,"加碼折扣 + 主動關懷,搶在流失前挽留",31,7,27893
C1244,G8 Lost,2,流失高風險,"加碼折扣 + 主動關懷,搶在流失前挽留",40,2,4825
C0079,G2 Loyal,1,VIP 高頻高額,推 D13 Top 規則加價購 / 專屬客服,6,18,28692
C1005,G8 Lost,2,流失高風險,"加碼折扣 + 主動關懷,搶在流失前挽留",51,2,14353
C1491,G8 Lost,0,沉睡客戶,大優惠喚醒 + 個人化召回簡訊,190,3,5664
C0572,G8 Lost,3,穩定中段,推次高規則 + 定期 Banner 維繫,47,5,15193
C0016,G1 VIP(Champions),1,VIP 高頻高額,推 D13 Top 規則加價購 / 專屬客服,7,11,128571
C0495,G2 Loyal,1,VIP 高頻高額,推 D13 Top 規則加價購 / 專屬客服,36,9,25672
C0351,G8 Lost,2,流失高風險,"加碼折扣 + 主動關懷,搶在流失前挽留",8,8,16180
C1000,G7 Hibernating,3,穩定中段,推次高規則 + 定期 Banner 維繫,114,0,40872
C0275,G1 VIP(Champions),1,VIP 高頻高額,推 D13 Top 規則加價購 / 專屬客服,17,9,41276
C1192,G7 Hibernating,2,流失高風險,"加碼折扣 + 主動關懷,搶在流失前挽留",98,1,53112
C0272,G2 Loyal,1,VIP 高頻高額,推 D13 Top 規則加價購 / 專屬客服,38,10,31678
C1474,G8 Lost,3,穩定中段,推次高規則 + 定期 Banner 維繫,119,0,2921
C0238,G8 Lost,2,流失高風險,"加碼折扣 + 主動關懷,搶在流失前挽留",40,4,32329
C0586,G3 Big Spenders,3,穩定中段,推次高規則 + 定期 Banner 維繫,13,4,44822
C1313,G8 Lost,2,流失高風險,"加碼折扣 + 主動關懷,搶在流失前挽留",83,1,15518
C0695,G8 Lost,1,VIP 高頻高額,推 D13 Top 規則加價購 / 專屬客服,36,7,45356
C1002,G8 Lost,2,流失高風險,"加碼折扣 + 主動關懷,搶在流失前挽留",93,0,16599
C0323,G1 VIP(Champions),1,VIP 高頻高額,推 D13 Top 規則加價購 / 專屬客服,8,10,47712
C0783,G3 Big Spenders,3,穩定中段,推次高規則 + 定期 Banner 維繫,2,4,43990
C1359,G8 Lost,0,沉睡客戶,大優惠喚醒 + 個人化召回簡訊,246,1,5630
C1204,G8 Lost,2,流失高風險,"加碼折扣 + 主動關懷,搶在流失前挽留",58,3,10344
C0971,G8 Lost,2,流失高風險,"加碼折扣 + 主動關懷,搶在流失前挽留",98,0,17711
C1467,G8 Lost,0,沉睡客戶,大優惠喚醒 + 個人化召回簡訊,205,1,5781
C0527,G8 Lost,1,VIP 高頻高額,推 D13 Top 規則加價購 / 專屬客服,39,5,56401
C1426,G8 Lost,0,沉睡客戶,大優惠喚醒 + 個人化召回簡訊,245,0,13480
C1171,G7 Hibernating,2,流失高風險,"加碼折扣 + 主動關懷,搶在流失前挽留",102,4,29901
C0176,G1 VIP(Champions),1,VIP 高頻高額,推 D13 Top 規則加價購 / 專屬客服,7,10,64780
C0359,G5 Potential Loyalists,1,VIP 高頻高額,推 D13 Top 規則加價購 / 專屬客服,20,7,64133
C0044,G1 VIP(Champions),1,VIP 高頻高額,推 D13 Top 規則加價購 / 專屬客服,15,10,48843
C0417,G1 VIP(Champions),1,VIP 高頻高額,推 D13 Top 規則加價購 / 專屬客服,18,9,85555
C0345,G8 Lost,2,流失高風險,"加碼折扣 + 主動關懷,搶在流失前挽留",6,3,25036
C1027,G7 Hibernating,2,流失高風險,"加碼折扣 + 主動關懷,搶在流失前挽留",106,3,26538
C1402,G8 Lost,0,沉睡客戶,大優惠喚醒 + 個人化召回簡訊,247,3,7821
C0102,G1 VIP(Champions),1,VIP 高頻高額,推 D13 Top 規則加價購 / 專屬客服,15,22,121684
C0108,G1 VIP(Champions),1,VIP 高頻高額,推 D13 Top 規則加價購 / 專屬客服,7,15,51666
C1490,G8 Lost,0,沉睡客戶,大優惠喚醒 + 個人化召回簡訊,330,2,6867
C1053,G8 Lost,3,穩定中段,推次高規則 + 定期 Banner 維繫,68,2,7279
C0965,G7 Hibernating,2,流失高風險,"加碼折扣 + 主動關懷,搶在流失前挽留",61,4,21109
C0381,G8 Lost,3,穩定中段,推次高規則 + 定期 Banner 維繫,26,9,8566
C0245,G8 Lost,3,穩定中段,推次高規則 + 定期 Banner 維繫,40,10,10514
C1100,G8 Lost,2,流失高風險,"加碼折扣 + 主動關懷,搶在流失前挽留",116,1,8249
C0501,G5 Potential Loyalists,3,穩定中段,推次高規則 + 定期 Banner 維繫,2,5,15996
C0701,G2 Loyal,1,VIP 高頻高額,推 D13 Top 規則加價購 / 專屬客服,31,8,36587
C0129,G1 VIP(Champions),1,VIP 高頻高額,推 D13 Top 規則加價購 / 專屬客服,1,16,31967
C0240,G5 Potential Loyalists,3,穩定中段,推次高規則 + 定期 Banner 維繫,20,5,37721
C1115,G7 Hibernating,3,穩定中段,推次高規則 + 定期 Banner 維繫,79,2,35144
C0683,G2 Loyal,1,VIP 高頻高額,推 D13 Top 規則加價購 / 專屬客服,36,12,34159
C0483,G5 Potential Loyalists,3,穩定中段,推次高規則 + 定期 Banner 維繫,14,7,23545
C1306,G7 Hibernating,2,流失高風險,"加碼折扣 + 主動關懷,搶在流失前挽留",55,3,27476
C0276,G8 Lost,2,流失高風險,"加碼折扣 + 主動關懷,搶在流失前挽留",40,5,39293
C0583,G5 Potential Loyalists,3,穩定中段,推次高規則 + 定期 Banner 維繫,5,5,21962
C0204,G5 Potential Loyalists,3,穩定中段,推次高規則 + 定期 Banner 維繫,17,6,15579
C0033,G1 VIP(Champions),1,VIP 高頻高額,推 D13 Top 規則加價購 / 專屬客服,21,24,45639
C1320,G8 Lost,3,穩定中段,推次高規則 + 定期 Banner 維繫,79,3,9154
C0814,G2 Loyal,1,VIP 高頻高額,推 D13 Top 規則加價購 / 專屬客服,17,9,28778
C0998,G7 Hibernating,3,穩定中段,推次高規則 + 定期 Banner 維繫,71,3,30472
C0382,G5 Potential Loyalists,2,流失高風險,"加碼折扣 + 主動關懷,搶在流失前挽留",22,6,108815
C1074,G8 Lost,3,穩定中段,推次高規則 + 定期 Banner 維繫,63,3,13815
C1349,G8 Lost,3,穩定中段,推次高規則 + 定期 Banner 維繫,47,0,16468
C0579,G2 Loyal,3,穩定中段,推次高規則 + 定期 Banner 維繫,36,8,22700
C0888,G5 Potential Loyalists,3,穩定中段,推次高規則 + 定期 Banner 維繫,17,5,35040
C1326,G8 Lost,3,穩定中段,推次高規則 + 定期 Banner 維繫,125,3,9154
C1327,G8 Lost,2,流失高風險,"加碼折扣 + 主動關懷,搶在流失前挽留",128,2,12437
C0942,G8 Lost,2,流失高風險,"加碼折扣 + 主動關懷,搶在流失前挽留",67,0,16608
C0164,G2 Loyal,1,VIP 高頻高額,推 D13 Top 規則加價購 / 專屬客服,39,11,29823
C0910,G8 Lost,3,穩定中段,推次高規則 + 定期 Banner 維繫,71,4,7075
C0298,G5 Potential Loyalists,3,穩定中段,推次高規則 + 定期 Banner 維繫,28,7,7859
C0756,G2 Loyal,3,穩定中段,推次高規則 + 定期 Banner 維繫,38,8,22020
C0406,G8 Lost,1,VIP 高頻高額,推 D13 Top 規則加價購 / 專屬客服,11,12,14182
C0969,G7 Hibernating,2,流失高風險,"加碼折扣 + 主動關懷,搶在流失前挽留",104,1,57114
C0606,G8 Lost,3,穩定中段,推次高規則 + 定期 Banner 維繫,22,9,18962
C0421,G8 Lost,3,穩定中段,推次高規則 + 定期 Banner 維繫,40,5,45167
C0465,G1 VIP(Champions),1,VIP 高頻高額,推 D13 Top 規則加價購 / 專屬客服,18,9,79711
C1188,G8 Lost,2,流失高風險,"加碼折扣 + 主動關懷,搶在流失前挽留",115,2,20577
C0940,G8 Lost,2,流失高風險,"加碼折扣 + 主動關懷,搶在流失前挽留",105,1,7732
C0193,G2 Loyal,1,VIP 高頻高額,推 D13 Top 規則加價購 / 專屬客服,42,11,28382
C0675,G5 Potential Loyalists,2,流失高風險,"加碼折扣 + 主動關懷,搶在流失前挽留",11,5,33628
C0352,G8 Lost,3,穩定中段,推次高規則 + 定期 Banner 維繫,38,5,28492
C0859,G2 Loyal,1,VIP 高頻高額,推 D13 Top 規則加價購 / 專屬客服,29,10,20764
C0064,G1 VIP(Champions),1,VIP 高頻高額,推 D13 Top 規則加價購 / 專屬客服,21,22,35407
C1174,G8 Lost,3,穩定中段,推次高規則 + 定期 Banner 維繫,109,0,10352
C0766,G8 Lost,3,穩定中段,推次高規則 + 定期 Banner 維繫,38,9,17411
C1441,G8 Lost,0,沉睡客戶,大優惠喚醒 + 個人化召回簡訊,212,0,13692
C0262,G5 Potential Loyalists,3,穩定中段,推次高規則 + 定期 Banner 維繫,2,5,28685
C0343,G8 Lost,1,VIP 高頻高額,推 D13 Top 規則加價購 / 專屬客服,32,7,37123
C1221,G8 Lost,2,流失高風險,"加碼折扣 + 主動關懷,搶在流失前挽留",72,2,11794
C0472,G5 Potential Loyalists,2,流失高風險,"加碼折扣 + 主動關懷,搶在流失前挽留",27,7,28858
C1335,G7 Hibernating,3,穩定中段,推次高規則 + 定期 Banner 維繫,126,0,28999
C0199,G5 Potential Loyalists,3,穩定中段,推次高規則 + 定期 Banner 維繫,25,7,24833
C1232,G7 Hibernating,2,流失高風險,"加碼折扣 + 主動關懷,搶在流失前挽留",52,1,35009
C0918,G8 Lost,2,流失高風險,"加碼折扣 + 主動關懷,搶在流失前挽留",66,2,9284
C0744,G2 Loyal,1,VIP 高頻高額,推 D13 Top 規則加價購 / 專屬客服,33,9,38831
C0571,G8 Lost,2,流失高風險,"加碼折扣 + 主動關懷,搶在流失前挽留",38,7,58198
C0219,G8 Lost,1,VIP 高頻高額,推 D13 Top 規則加價購 / 專屬客服,41,6,46484
C0454,G8 Lost,2,流失高風險,"加碼折扣 + 主動關懷,搶在流失前挽留",2,9,16674
C0031,G1 VIP(Champions),1,VIP 高頻高額,推 D13 Top 規則加價購 / 專屬客服,30,16,87151
C0057,G1 VIP(Champions),1,VIP 高頻高額,推 D13 Top 規則加價購 / 專屬客服,3,8,83739
C1211,G8 Lost,2,流失高風險,"加碼折扣 + 主動關懷,搶在流失前挽留",123,2,12054
C1386,G8 Lost,2,流失高風險,"加碼折扣 + 主動關懷,搶在流失前挽留",138,1,9923
C1066,G7 Hibernating,3,穩定中段,推次高規則 + 定期 Banner 維繫,84,1,27907
C0431,G8 Lost,2,流失高風險,"加碼折扣 + 主動關懷,搶在流失前挽留",31,7,67774
C0725,G2 Loyal,1,VIP 高頻高額,推 D13 Top 規則加價購 / 專屬客服,35,11,48269
C1145,G8 Lost,2,流失高風險,"加碼折扣 + 主動關懷,搶在流失前挽留",60,2,12091
C1006,G8 Lost,3,穩定中段,推次高規則 + 定期 Banner 維繫,69,2,6705
C1051,G7 Hibernating,3,穩定中段,推次高規則 + 定期 Banner 維繫,108,1,23004
C1346,G8 Lost,3,穩定中段,推次高規則 + 定期 Banner 維繫,96,2,16380
C1237,G7 Hibernating,3,穩定中段,推次高規則 + 定期 Banner 維繫,80,3,25421
C1236,G8 Lost,2,流失高風險,"加碼折扣 + 主動關懷,搶在流失前挽留",101,0,11995
C1449,G8 Lost,0,沉睡客戶,大優惠喚醒 + 個人化召回簡訊,205,2,7404
C0621,G5 Potential Loyalists,1,VIP 高頻高額,推 D13 Top 規則加價購 / 專屬客服,10,7,44040
C1068,G7 Hibernating,2,流失高風險,"加碼折扣 + 主動關懷,搶在流失前挽留",47,2,22549
C0839,G2 Loyal,1,VIP 高頻高額,推 D13 Top 規則加價購 / 專屬客服,38,11,26843
C0100,G1 VIP(Champions),1,VIP 高頻高額,推 D13 Top 規則加價購 / 專屬客服,19,22,48471
C0533,G5 Potential Loyalists,1,VIP 高頻高額,推 D13 Top 規則加價購 / 專屬客服,23,6,102841
C0529,G2 Loyal,1,VIP 高頻高額,推 D13 Top 規則加價購 / 專屬客服,9,9,27675
C1347,G8 Lost,3,穩定中段,推次高規則 + 定期 Banner 維繫,44,2,9514
C1173,G7 Hibernating,2,流失高風險,"加碼折扣 + 主動關懷,搶在流失前挽留",54,3,41484
C1179,G6 At Risk,2,流失高風險,"加碼折扣 + 主動關懷,搶在流失前挽留",75,5,68011
C0630,G5 Potential Loyalists,2,流失高風險,"加碼折扣 + 主動關懷,搶在流失前挽留",0,6,14222
C1028,G7 Hibernating,3,穩定中段,推次高規則 + 定期 Banner 維繫,59,0,38921
C0271,G8 Lost,3,穩定中段,推次高規則 + 定期 Banner 維繫,31,5,40724
C1342,G7 Hibernating,3,穩定中段,推次高規則 + 定期 Banner 維繫,55,1,20777
C0627,G8 Lost,3,穩定中段,推次高規則 + 定期 Banner 維繫,21,9,18383
C1043,G8 Lost,2,流失高風險,"加碼折扣 + 主動關懷,搶在流失前挽留",53,2,14691
C0977,G8 Lost,2,流失高風險,"加碼折扣 + 主動關懷,搶在流失前挽留",60,2,18021
C0372,G5 Potential Loyalists,1,VIP 高頻高額,推 D13 Top 規則加價購 / 專屬客服,27,5,55687
C0589,G2 Loyal,1,VIP 高頻高額,推 D13 Top 規則加價購 / 專屬客服,31,9,69950
C0968,G7 Hibernating,2,流失高風險,"加碼折扣 + 主動關懷,搶在流失前挽留",88,2,28123
C1166,G8 Lost,2,流失高風險,"加碼折扣 + 主動關懷,搶在流失前挽留",66,4,14401
C1147,G8 Lost,2,流失高風險,"加碼折扣 + 主動關懷,搶在流失前挽留",112,0,4875
C0237,G5 Potential Loyalists,1,VIP 高頻高額,推 D13 Top 規則加價購 / 專屬客服,28,6,59732
C0597,G8 Lost,3,穩定中段,推次高規則 + 定期 Banner 維繫,36,4,18143
C0963,G7 Hibernating,2,流失高風險,"加碼折扣 + 主動關懷,搶在流失前挽留",57,0,45129
C1446,G8 Lost,2,流失高風險,"加碼折扣 + 主動關懷,搶在流失前挽留",101,1,13364
C1164,G8 Lost,2,流失高風險,"加碼折扣 + 主動關懷,搶在流失前挽留",52,0,3828
C0591,G8 Lost,2,流失高風險,"加碼折扣 + 主動關懷,搶在流失前挽留",37,5,32863
C0209,G8 Lost,3,穩定中段,推次高規則 + 定期 Banner 維繫,47,8,16976
C1075,G7 Hibernating,3,穩定中段,推次高規則 + 定期 Banner 維繫,78,0,30797
C0900,G5 Potential Loyalists,3,穩定中段,推次高規則 + 定期 Banner 維繫,16,5,28674
C0354,G8 Lost,3,穩定中段,推次高規則 + 定期 Banner 維繫,38,9,18758
C0059,G1 VIP(Champions),1,VIP 高頻高額,推 D13 Top 規則加價購 / 專屬客服,18,15,145357
C0304,G5 Potential Loyalists,3,穩定中段,推次高規則 + 定期 Banner 維繫,21,5,44674
C1448,G8 Lost,0,沉睡客戶,大優惠喚醒 + 個人化召回簡訊,208,1,5953
C0844,G8 Lost,3,穩定中段,推次高規則 + 定期 Banner 維繫,34,5,42783
C1262,G7 Hibernating,3,穩定中段,推次高規則 + 定期 Banner 維繫,128,0,41997
C1431,G8 Lost,0,沉睡客戶,大優惠喚醒 + 個人化召回簡訊,243,1,18795
C1210,G7 Hibernating,2,流失高風險,"加碼折扣 + 主動關懷,搶在流失前挽留",87,3,37963
C0368,G8 Lost,3,穩定中段,推次高規則 + 定期 Banner 維繫,39,6,21192
C1358,G8 Lost,0,沉睡客戶,大優惠喚醒 + 個人化召回簡訊,364,1,12295
C1198,G7 Hibernating,2,流失高風險,"加碼折扣 + 主動關懷,搶在流失前挽留",105,1,35784
C1305,G8 Lost,2,流失高風險,"加碼折扣 + 主動關懷,搶在流失前挽留",66,4,9676
C1233,G8 Lost,3,穩定中段,推次高規則 + 定期 Banner 維繫,56,4,16434
C0705,G5 Potential Loyalists,2,流失高風險,"加碼折扣 + 主動關懷,搶在流失前挽留",0,7,21597
C0234,G8 Lost,2,流失高風險,"加碼折扣 + 主動關懷,搶在流失前挽留",20,4,30507
C0619,G1 VIP(Champions),1,VIP 高頻高額,推 D13 Top 規則加價購 / 專屬客服,27,8,91665
C0197,G6 At Risk,1,VIP 高頻高額,推 D13 Top 規則加價購 / 專屬客服,51,11,34675
C1260,G8 Lost,2,流失高風險,"加碼折扣 + 主動關懷,搶在流失前挽留",104,2,9984
C0082,G1 VIP(Champions),1,VIP 高頻高額,推 D13 Top 規則加價購 / 專屬客服,8,17,33411
C1405,G7 Hibernating,2,流失高風險,"加碼折扣 + 主動關懷,搶在流失前挽留",147,0,23239
C0598,G2 Loyal,1,VIP 高頻高額,推 D13 Top 規則加價購 / 專屬客服,44,10,39638
C1157,G8 Lost,3,穩定中段,推次高規則 + 定期 Banner 維繫,59,4,7108
C0112,G1 VIP(Champions),1,VIP 高頻高額,推 D13 Top 規則加價購 / 專屬客服,9,14,68933
C1277,G8 Lost,2,流失高風險,"加碼折扣 + 主動關懷,搶在流失前挽留",60,4,17023
C0781,G5 Potential Loyalists,3,穩定中段,推次高規則 + 定期 Banner 維繫,30,7,13317
C0984,G8 Lost,2,流失高風險,"加碼折扣 + 主動關懷,搶在流失前挽留",58,1,17867
C0800,G4 New/Promising,3,穩定中段,推次高規則 + 定期 Banner 維繫,4,3,17352
C1266,G8 Lost,2,流失高風險,"加碼折扣 + 主動關懷,搶在流失前挽留",88,3,16533
C1151,G8 Lost,2,流失高風險,"加碼折扣 + 主動關懷,搶在流失前挽留",46,0,30569
C0825,G8 Lost,2,流失高風險,"加碼折扣 + 主動關懷,搶在流失前挽留",43,6,27026
C0383,G2 Loyal,1,VIP 高頻高額,推 D13 Top 規則加價購 / 專屬客服,45,10,53618
C0539,G8 Lost,3,穩定中段,推次高規則 + 定期 Banner 維繫,42,7,20386
C1494,G8 Lost,0,沉睡客戶,大優惠喚醒 + 個人化召回簡訊,151,0,3863
C1113,G8 Lost,3,穩定中段,推次高規則 + 定期 Banner 維繫,104,2,8102
C0325,G5 Potential Loyalists,2,流失高風險,"加碼折扣 + 主動關懷,搶在流失前挽留",20,6,9123
C0362,G8 Lost,1,VIP 高頻高額,推 D13 Top 規則加價購 / 專屬客服,27,12,19866
C1488,G8 Lost,0,沉睡客戶,大優惠喚醒 + 個人化召回簡訊,286,1,12777
C1030,G8 Lost,3,穩定中段,推次高規則 + 定期 Banner 維繫,61,2,19614
C0708,G1 VIP(Champions),1,VIP 高頻高額,推 D13 Top 規則加價購 / 專屬客服,6,8,36393
C0333,G8 Lost,1,VIP 高頻高額,推 D13 Top 規則加價購 / 專屬客服,34,5,78670
C0430,G2 Loyal,2,流失高風險,"加碼折扣 + 主動關懷,搶在流失前挽留",28,11,28988
C1243,G7 Hibernating,3,穩定中段,推次高規則 + 定期 Banner 維繫,114,4,27313
C0426,G5 Potential Loyalists,1,VIP 高頻高額,推 D13 Top 規則加價購 / 專屬客服,30,7,40144
C0629,G2 Loyal,1,VIP 高頻高額,推 D13 Top 規則加價購 / 專屬客服,37,9,26990
C1112,G8 Lost,2,流失高風險,"加碼折扣 + 主動關懷,搶在流失前挽留",119,4,18780
C0678,G5 Potential Loyalists,2,流失高風險,"加碼折扣 + 主動關懷,搶在流失前挽留",9,6,23704
C0694,G1 VIP(Champions),1,VIP 高頻高額,推 D13 Top 規則加價購 / 專屬客服,28,8,61958
C0758,G5 Potential Loyalists,3,穩定中段,推次高規則 + 定期 Banner 維繫,27,6,32719
C0255,G5 Potential Loyalists,3,穩定中段,推次高規則 + 定期 Banner 維繫,20,7,31269
C1095,G8 Lost,3,穩定中段,推次高規則 + 定期 Banner 維繫,102,2,8513
C0917,G8 Lost,2,流失高風險,"加碼折扣 + 主動關懷,搶在流失前挽留",55,2,10240
C1186,G8 Lost,2,流失高風險,"加碼折扣 + 主動關懷,搶在流失前挽留",76,3,15668
C0669,G8 Lost,1,VIP 高頻高額,推 D13 Top 規則加價購 / 專屬客服,20,11,16998
C0842,G2 Loyal,1,VIP 高頻高額,推 D13 Top 規則加價購 / 專屬客服,46,10,128733
C0807,G1 VIP(Champions),1,VIP 高頻高額,推 D13 Top 規則加價購 / 專屬客服,25,9,50663
C1457,G8 Lost,2,流失高風險,"加碼折扣 + 主動關懷,搶在流失前挽留",119,0,16739
C0087,G1 VIP(Champions),1,VIP 高頻高額,推 D13 Top 規則加價購 / 專屬客服,0,10,41964
C1422,G8 Lost,0,沉睡客戶,大優惠喚醒 + 個人化召回簡訊,332,1,10447
C0266,G5 Potential Loyalists,3,穩定中段,推次高規則 + 定期 Banner 維繫,24,7,21147
C0288,G1 VIP(Champions),1,VIP 高頻高額,推 D13 Top 規則加價購 / 專屬客服,21,11,44706
C1484,G8 Lost,2,流失高風險,"加碼折扣 + 主動關懷,搶在流失前挽留",127,0,7597
C0893,G8 Lost,3,穩定中段,推次高規則 + 定期 Banner 維繫,33,10,10093
C1496,G8 Lost,0,沉睡客戶,大優惠喚醒 + 個人化召回簡訊,321,0,2818
C0979,G7 Hibernating,3,穩定中段,推次高規則 + 定期 Banner 維繫,95,2,32584
C0535,G5 Potential Loyalists,3,穩定中段,推次高規則 + 定期 Banner 維繫,7,6,23421
C1001,G8 Lost,2,流失高風險,"加碼折扣 + 主動關懷,搶在流失前挽留",126,3,7307
C0222,G3 Big Spenders,2,流失高風險,"加碼折扣 + 主動關懷,搶在流失前挽留",19,4,33996
C0114,G1 VIP(Champions),1,VIP 高頻高額,推 D13 Top 規則加價購 / 專屬客服,6,22,51324
C0673,G5 Potential Loyalists,3,穩定中段,推次高規則 + 定期 Banner 維繫,17,6,19351
C0584,G1 VIP(Champions),1,VIP 高頻高額,推 D13 Top 規則加價購 / 專屬客服,19,9,32116
C0175,G8 Lost,2,流失高風險,"加碼折扣 + 主動關懷,搶在流失前挽留",34,7,16702
C0536,G2 Loyal,3,穩定中段,推次高規則 + 定期 Banner 維繫,21,9,20825
C1079,G7 Hibernating,2,流失高風險,"加碼折扣 + 主動關懷,搶在流失前挽留",89,2,28034
C1177,G8 Lost,2,流失高風險,"加碼折扣 + 主動關懷,搶在流失前挽留",81,2,15458
C1107,G8 Lost,2,流失高風險,"加碼折扣 + 主動關懷,搶在流失前挽留",110,0,20084
C0983,G8 Lost,2,流失高風險,"加碼折扣 + 主動關懷,搶在流失前挽留",46,2,28769
C0286,G8 Lost,3,穩定中段,推次高規則 + 定期 Banner 維繫,34,9,18402
C0868,G5 Potential Loyalists,3,穩定中段,推次高規則 + 定期 Banner 維繫,27,6,32274
C0375,G2 Loyal,1,VIP 高頻高額,推 D13 Top 規則加價購 / 專屬客服,30,10,24658
C1197,G8 Lost,2,流失高風險,"加碼折扣 + 主動關懷,搶在流失前挽留",47,1,8344
C0032,G1 VIP(Champions),1,VIP 高頻高額,推 D13 Top 規則加價購 / 專屬客服,11,12,72863
C0552,G3 Big Spenders,1,VIP 高頻高額,推 D13 Top 規則加價購 / 專屬客服,27,4,81471
C0211,G2 Loyal,1,VIP 高頻高額,推 D13 Top 規則加價購 / 專屬客服,43,9,68638
C1047,G8 Lost,3,穩定中段,推次高規則 + 定期 Banner 維繫,45,3,19892
C0924,G8 Lost,2,流失高風險,"加碼折扣 + 主動關懷,搶在流失前挽留",65,2,17368
C0810,G8 Lost,1,VIP 高頻高額,推 D13 Top 規則加價購 / 專屬客服,27,12,16638
C0618,G8 Lost,3,穩定中段,推次高規則 + 定期 Banner 維繫,31,5,17434
C0933,G8 Lost,2,流失高風險,"加碼折扣 + 主動關懷,搶在流失前挽留",106,5,5530
C0620,G2 Loyal,1,VIP 高頻高額,推 D13 Top 規則加價購 / 專屬客服,20,11,29774
C0189,G2 Loyal,2,流失高風險,"加碼折扣 + 主動關懷,搶在流失前挽留",6,10,22601
C0711,G8 Lost,1,VIP 高頻高額,推 D13 Top 規則加價購 / 專屬客服,39,6,61150
C0937,G8 Lost,2,流失高風險,"加碼折扣 + 主動關懷,搶在流失前挽留",60,1,17345
C1169,G8 Lost,2,流失高風險,"加碼折扣 + 主動關懷,搶在流失前挽留",119,1,9070
C1220,G7 Hibernating,3,穩定中段,推次高規則 + 定期 Banner 維繫,73,3,57918
C1098,G7 Hibernating,2,流失高風險,"加碼折扣 + 主動關懷,搶在流失前挽留",75,0,39095
C0902,G7 Hibernating,3,穩定中段,推次高規則 + 定期 Banner 維繫,79,1,29735
C0084,G1 VIP(Champions),1,VIP 高頻高額,推 D13 Top 規則加價購 / 專屬客服,3,11,50068
C0702,G5 Potential Loyalists,2,流失高風險,"加碼折扣 + 主動關懷,搶在流失前挽留",0,6,18114
C0049,G1 VIP(Champions),1,VIP 高頻高額,推 D13 Top 規則加價購 / 專屬客服,10,24,44718
C1284,G8 Lost,2,流失高風險,"加碼折扣 + 主動關懷,搶在流失前挽留",87,2,4486
C0156,G2 Loyal,1,VIP 高頻高額,推 D13 Top 規則加價購 / 專屬客服,39,11,44102
C1152,G8 Lost,3,穩定中段,推次高規則 + 定期 Banner 維繫,105,1,13285
C1142,G8 Lost,2,流失高風險,"加碼折扣 + 主動關懷,搶在流失前挽留",80,2,9734
C0975,G7 Hibernating,3,穩定中段,推次高規則 + 定期 Banner 維繫,79,2,21337
C1058,G8 Lost,2,流失高風險,"加碼折扣 + 主動關懷,搶在流失前挽留",56,1,15855
C0808,G2 Loyal,3,穩定中段,推次高規則 + 定期 Banner 維繫,30,10,21081
C1230,G8 Lost,3,穩定中段,推次高規則 + 定期 Banner 維繫,110,4,6693
C1481,G8 Lost,0,沉睡客戶,大優惠喚醒 + 個人化召回簡訊,245,0,3262
C1437,G8 Lost,2,流失高風險,"加碼折扣 + 主動關懷,搶在流失前挽留",136,3,7517
C0180,G2 Loyal,1,VIP 高頻高額,推 D13 Top 規則加價購 / 專屬客服,31,11,52209
C1356,G8 Lost,2,流失高風險,"加碼折扣 + 主動關懷,搶在流失前挽留",112,0,14768
C1247,G7 Hibernating,3,穩定中段,推次高規則 + 定期 Banner 維繫,66,0,25014
C1041,G8 Lost,2,流失高風險,"加碼折扣 + 主動關懷,搶在流失前挽留",60,1,13970
C0950,G8 Lost,3,穩定中段,推次高規則 + 定期 Banner 維繫,55,1,12630
C0817,G5 Potential Loyalists,1,VIP 高頻高額,推 D13 Top 規則加價購 / 專屬客服,11,5,51006
C0364,G1 VIP(Champions),1,VIP 高頻高額,推 D13 Top 規則加價購 / 專屬客服,19,11,45053
C1178,G8 Lost,2,流失高風險,"加碼折扣 + 主動關懷,搶在流失前挽留",97,3,19317
C1199,G7 Hibernating,3,穩定中段,推次高規則 + 定期 Banner 維繫,117,3,62702
C0347,G2 Loyal,1,VIP 高頻高額,推 D13 Top 規則加價購 / 專屬客服,35,11,41081
C1011,G7 Hibernating,2,流失高風險,"加碼折扣 + 主動關懷,搶在流失前挽留",89,2,29402
C0615,G8 Lost,3,穩定中段,推次高規則 + 定期 Banner 維繫,44,6,23650
C0966,G8 Lost,3,穩定中段,推次高規則 + 定期 Banner 維繫,89,1,17995
C1274,G7 Hibernating,3,穩定中段,推次高規則 + 定期 Banner 維繫,55,0,21402
C0590,G5 Potential Loyalists,2,流失高風險,"加碼折扣 + 主動關懷,搶在流失前挽留",2,6,14117
C1289,G8 Lost,3,穩定中段,推次高規則 + 定期 Banner 維繫,88,1,11656
C0632,G2 Loyal,1,VIP 高頻高額,推 D13 Top 規則加價購 / 專屬客服,45,8,35737
C0244,G2 Loyal,2,流失高風險,"加碼折扣 + 主動關懷,搶在流失前挽留",44,9,23929
C1375,G8 Lost,0,沉睡客戶,大優惠喚醒 + 個人化召回簡訊,293,2,7812
C1452,G8 Lost,0,沉睡客戶,大優惠喚醒 + 個人化召回簡訊,213,0,6867
C0765,G5 Potential Loyalists,3,穩定中段,推次高規則 + 定期 Banner 維繫,29,7,22218
C0988,G8 Lost,2,流失高風險,"加碼折扣 + 主動關懷,搶在流失前挽留",99,2,16402
C0412,G1 VIP(Champions),1,VIP 高頻高額,推 D13 Top 規則加價購 / 專屬客服,14,10,46275
C1421,G8 Lost,0,沉睡客戶,大優惠喚醒 + 個人化召回簡訊,340,0,4657
C1226,G7 Hibernating,3,穩定中段,推次高規則 + 定期 Banner 維繫,79,1,64065
C0309,G8 Lost,3,穩定中段,推次高規則 + 定期 Banner 維繫,22,10,14104
C0882,G1 VIP(Champions),1,VIP 高頻高額,推 D13 Top 規則加價購 / 專屬客服,17,8,39585
C0399,G2 Loyal,1,VIP 高頻高額,推 D13 Top 規則加價購 / 專屬客服,36,9,30323
C0371,G8 Lost,2,流失高風險,"加碼折扣 + 主動關懷,搶在流失前挽留",10,12,13041
C0055,G1 VIP(Champions),1,VIP 高頻高額,推 D13 Top 規則加價購 / 專屬客服,29,16,32741
C1339,G8 Lost,3,穩定中段,推次高規則 + 定期 Banner 維繫,100,3,12590
C1183,G8 Lost,3,穩定中段,推次高規則 + 定期 Banner 維繫,104,2,8972
C0313,G1 VIP(Champions),1,VIP 高頻高額,推 D13 Top 規則加價購 / 專屬客服,10,12,81535
C0922,G8 Lost,2,流失高風險,"加碼折扣 + 主動關懷,搶在流失前挽留",62,3,2872
C0110,G1 VIP(Champions),1,VIP 高頻高額,推 D13 Top 規則加價購 / 專屬客服,18,8,59899
C0719,G8 Lost,1,VIP 高頻高額,推 D13 Top 規則加價購 / 專屬客服,38,7,67651
C0692,G8 Lost,2,流失高風險,"加碼折扣 + 主動關懷,搶在流失前挽留",22,12,10882
C0101,G1 VIP(Champions),1,VIP 高頻高額,推 D13 Top 規則加價購 / 專屬客服,14,22,50923
C1126,G8 Lost,2,流失高風險,"加碼折扣 + 主動關懷,搶在流失前挽留",50,3,18255
C0670,G8 Lost,3,穩定中段,推次高規則 + 定期 Banner 維繫,16,9,19578
C1376,G8 Lost,0,沉睡客戶,大優惠喚醒 + 個人化召回簡訊,240,0,9955
C0267,G8 Lost,1,VIP 高頻高額,推 D13 Top 規則加價購 / 專屬客服,34,6,60309
C0679,G5 Potential Loyalists,3,穩定中段,推次高規則 + 定期 Banner 維繫,22,7,27490
C0297,G8 Lost,3,穩定中段,推次高規則 + 定期 Banner 維繫,11,9,19214
C0530,G5 Potential Loyalists,2,流失高風險,"加碼折扣 + 主動關懷,搶在流失前挽留",17,5,17283
C0945,G8 Lost,3,穩定中段,推次高規則 + 定期 Banner 維繫,60,1,16608
C1014,G7 Hibernating,3,穩定中段,推次高規則 + 定期 Banner 維繫,71,3,30259
C0951,G8 Lost,2,流失高風險,"加碼折扣 + 主動關懷,搶在流失前挽留",86,0,16651
C0378,G2 Loyal,1,VIP 高頻高額,推 D13 Top 規則加價購 / 專屬客服,46,8,79988
C0287,G3 Big Spenders,1,VIP 高頻高額,推 D13 Top 規則加價購 / 專屬客服,17,4,72009
C1439,G8 Lost,0,沉睡客戶,大優惠喚醒 + 個人化召回簡訊,289,0,3943
C0731,G3 Big Spenders,2,流失高風險,"加碼折扣 + 主動關懷,搶在流失前挽留",17,4,48707
C0127,G1 VIP(Champions),1,VIP 高頻高額,推 D13 Top 規則加價購 / 專屬客服,17,14,80498
C0328,G2 Loyal,1,VIP 高頻高額,推 D13 Top 規則加價購 / 專屬客服,42,9,58173
C0293,G5 Potential Loyalists,3,穩定中段,推次高規則 + 定期 Banner 維繫,20,7,26652
C0549,G8 Lost,2,流失高風險,"加碼折扣 + 主動關懷,搶在流失前挽留",11,8,18420
C0728,G1 VIP(Champions),1,VIP 高頻高額,推 D13 Top 規則加價購 / 專屬客服,29,8,54723
C0909,G8 Lost,2,流失高風險,"加碼折扣 + 主動關懷,搶在流失前挽留",80,1,16629
C0356,G8 Lost,2,流失高風險,"加碼折扣 + 主動關懷,搶在流失前挽留",46,7,54394
C0171,G1 VIP(Champions),1,VIP 高頻高額,推 D13 Top 規則加價購 / 專屬客服,13,9,34057
C0967,G7 Hibernating,2,流失高風險,"加碼折扣 + 主動關懷,搶在流失前挽留",78,2,33143
C1134,G8 Lost,2,流失高風險,"加碼折扣 + 主動關懷,搶在流失前挽留",76,1,16423
C0652,G5 Potential Loyalists,3,穩定中段,推次高規則 + 定期 Banner 維繫,29,5,30451
C0210,G2 Loyal,1,VIP 高頻高額,推 D13 Top 規則加價購 / 專屬客服,36,9,36964
C1398,G8 Lost,0,沉睡客戶,大優惠喚醒 + 個人化召回簡訊,172,0,8848
C0141,G1 VIP(Champions),1,VIP 高頻高額,推 D13 Top 規則加價購 / 專屬客服,14,8,51687
C1084,G8 Lost,3,穩定中段,推次高規則 + 定期 Banner 維繫,76,0,16926
C0991,G8 Lost,2,流失高風險,"加碼折扣 + 主動關懷,搶在流失前挽留",82,4,8888
C0651,G8 Lost,3,穩定中段,推次高規則 + 定期 Banner 維繫,31,7,12687
C1189,G8 Lost,3,穩定中段,推次高規則 + 定期 Banner 維繫,91,3,6251
C1499,G8 Lost,0,沉睡客戶,大優惠喚醒 + 個人化召回簡訊,309,1,4320
C0486,G8 Lost,3,穩定中段,推次高規則 + 定期 Banner 維繫,23,8,10432
C0528,G5 Potential Loyalists,1,VIP 高頻高額,推 D13 Top 規則加價購 / 專屬客服,14,7,69094
C0200,G8 Lost,3,穩定中段,推次高規則 + 定期 Banner 維繫,10,9,10433
C0890,G5 Potential Loyalists,1,VIP 高頻高額,推 D13 Top 規則加價購 / 專屬客服,10,5,51710
C0845,G1 VIP(Champions),1,VIP 高頻高額,推 D13 Top 規則加價購 / 專屬客服,18,10,89699
C1069,G7 Hibernating,3,穩定中段,推次高規則 + 定期 Banner 維繫,116,2,38591
C1206,G7 Hibernating,3,穩定中段,推次高規則 + 定期 Banner 維繫,58,1,53579
C1055,G8 Lost,2,流失高風險,"加碼折扣 + 主動關懷,搶在流失前挽留",44,1,16654
C0011,G1 VIP(Champions),1,VIP 高頻高額,推 D13 Top 規則加價購 / 專屬客服,12,17,57342
C0148,G1 VIP(Champions),1,VIP 高頻高額,推 D13 Top 規則加價購 / 專屬客服,20,18,53843
C0722,G5 Potential Loyalists,3,穩定中段,推次高規則 + 定期 Banner 維繫,15,5,42509
C0283,G2 Loyal,1,VIP 高頻高額,推 D13 Top 規則加價購 / 專屬客服,41,9,41088
C0299,G5 Potential Loyalists,1,VIP 高頻高額,推 D13 Top 規則加價購 / 專屬客服,27,7,37344
C0614,G5 Potential Loyalists,1,VIP 高頻高額,推 D13 Top 規則加價購 / 專屬客服,13,6,103018
C0292,G5 Potential Loyalists,1,VIP 高頻高額,推 D13 Top 規則加價購 / 專屬客服,7,6,40478
C0650,G8 Lost,1,VIP 高頻高額,推 D13 Top 規則加價購 / 專屬客服,17,12,18042
C0599,G1 VIP(Champions),1,VIP 高頻高額,推 D13 Top 規則加價購 / 專屬客服,13,9,33001
C1044,G7 Hibernating,2,流失高風險,"加碼折扣 + 主動關懷,搶在流失前挽留",53,2,21965
C0553,G2 Loyal,1,VIP 高頻高額,推 D13 Top 規則加價購 / 專屬客服,10,8,27500
C1299,G8 Lost,3,穩定中段,推次高規則 + 定期 Banner 維繫,61,4,9861
C0130,G1 VIP(Champions),1,VIP 高頻高額,推 D13 Top 規則加價購 / 專屬客服,6,21,87504
C1062,G8 Lost,3,穩定中段,推次高規則 + 定期 Banner 維繫,55,1,6223
C0332,G5 Potential Loyalists,1,VIP 高頻高額,推 D13 Top 規則加價購 / 專屬客服,8,7,92510
C0324,G1 VIP(Champions),1,VIP 高頻高額,推 D13 Top 規則加價購 / 專屬客服,13,8,38298
C0681,G8 Lost,2,流失高風險,"加碼折扣 + 主動關懷,搶在流失前挽留",50,11,18338
C0479,G5 Potential Loyalists,2,流失高風險,"加碼折扣 + 主動關懷,搶在流失前挽留",23,7,75326
C0562,G5 Potential Loyalists,1,VIP 高頻高額,推 D13 Top 規則加價購 / 專屬客服,28,7,40886
C0136,G1 VIP(Champions),1,VIP 高頻高額,推 D13 Top 規則加價購 / 專屬客服,5,16,133294
C0507,G2 Loyal,1,VIP 高頻高額,推 D13 Top 規則加價購 / 專屬客服,41,9,30403
C0514,G2 Loyal,1,VIP 高頻高額,推 D13 Top 規則加價購 / 專屬客服,35,10,43655
C1372,G8 Lost,0,沉睡客戶,大優惠喚醒 + 個人化召回簡訊,341,0,9009
C0436,G2 Loyal,1,VIP 高頻高額,推 D13 Top 規則加價購 / 專屬客服,36,10,29749
C0874,G2 Loyal,1,VIP 高頻高額,推 D13 Top 規則加價購 / 專屬客服,38,10,53097
C1463,G8 Lost,2,流失高風險,"加碼折扣 + 主動關懷,搶在流失前挽留",121,1,5165
C0753,G2 Loyal,1,VIP 高頻高額,推 D13 Top 規則加價購 / 專屬客服,36,9,34225
C0666,G2 Loyal,3,穩定中段,推次高規則 + 定期 Banner 維繫,24,8,26117
C0159,G8 Lost,2,流失高風險,"加碼折扣 + 主動關懷,搶在流失前挽留",16,10,17805
C1254,G7 Hibernating,2,流失高風險,"加碼折扣 + 主動關懷,搶在流失前挽留",52,1,40643
C1293,G6 At Risk,2,流失高風險,"加碼折扣 + 主動關懷,搶在流失前挽留",63,5,38906
C0576,G2 Loyal,2,流失高風險,"加碼折扣 + 主動關懷,搶在流失前挽留",12,10,23615
C0353,G1 VIP(Champions),1,VIP 高頻高額,推 D13 Top 規則加價購 / 專屬客服,17,8,59468
C0938,G8 Lost,2,流失高風險,"加碼折扣 + 主動關懷,搶在流失前挽留",43,1,12755
C1296,G8 Lost,3,穩定中段,推次高規則 + 定期 Banner 維繫,86,0,13643
C1393,G8 Lost,2,流失高風險,"加碼折扣 + 主動關懷,搶在流失前挽留",89,1,6164
C1301,G8 Lost,2,流失高風險,"加碼折扣 + 主動關懷,搶在流失前挽留",95,2,11319
C0592,G5 Potential Loyalists,3,穩定中段,推次高規則 + 定期 Banner 維繫,19,7,14622
C0665,G8 Lost,3,穩定中段,推次高規則 + 定期 Banner 維繫,32,6,18124
C0196,G2 Loyal,1,VIP 高頻高額,推 D13 Top 規則加價購 / 專屬客服,32,10,33692
C1241,G8 Lost,3,穩定中段,推次高規則 + 定期 Banner 維繫,120,2,6081
C1049,G8 Lost,2,流失高風險,"加碼折扣 + 主動關懷,搶在流失前挽留",94,3,5529
C0439,G8 Lost,2,流失高風險,"加碼折扣 + 主動關懷,搶在流失前挽留",34,10,18589
C1436,G8 Lost,0,沉睡客戶,大優惠喚醒 + 個人化召回簡訊,177,1,7796
C0644,G2 Loyal,1,VIP 高頻高額,推 D13 Top 規則加價購 / 專屬客服,35,10,26644
C0097,G1 VIP(Champions),1,VIP 高頻高額,推 D13 Top 規則加價購 / 專屬客服,5,10,60539
C0585,G5 Potential Loyalists,1,VIP 高頻高額,推 D13 Top 規則加價購 / 專屬客服,26,6,66577
C1215,G8 Lost,3,穩定中段,推次高規則 + 定期 Banner 維繫,83,2,15537
C0157,G8 Lost,3,穩定中段,推次高規則 + 定期 Banner 維繫,34,3,40956
C0420,G1 VIP(Champions),1,VIP 高頻高額,推 D13 Top 規則加價購 / 專屬客服,21,13,80729
C0411,G1 VIP(Champions),1,VIP 高頻高額,推 D13 Top 規則加價購 / 專屬客服,3,9,32298
C1223,G7 Hibernating,3,穩定中段,推次高規則 + 定期 Banner 維繫,62,1,27229
C0478,G1 VIP(Champions),1,VIP 高頻高額,推 D13 Top 規則加價購 / 專屬客服,13,11,44500
C0515,G5 Potential Loyalists,3,穩定中段,推次高規則 + 定期 Banner 維繫,20,6,16663
C1286,G7 Hibernating,3,穩定中段,推次高規則 + 定期 Banner 維繫,106,1,36463
C1454,G8 Lost,0,沉睡客戶,大優惠喚醒 + 個人化召回簡訊,289,0,13308
C1119,G8 Lost,3,穩定中段,推次高規則 + 定期 Banner 維繫,72,1,16306
C0448,G6 At Risk,1,VIP 高頻高額,推 D13 Top 規則加價購 / 專屬客服,48,10,31581
C0179,G8 Lost,1,VIP 高頻高額,推 D13 Top 規則加價購 / 專屬客服,44,7,37737
C0391,G5 Potential Loyalists,1,VIP 高頻高額,推 D13 Top 規則加價購 / 專屬客服,16,7,38514
C1290,G8 Lost,2,流失高風險,"加碼折扣 + 主動關懷,搶在流失前挽留",73,1,15075
C1308,G8 Lost,3,穩定中段,推次高規則 + 定期 Banner 維繫,112,2,15442
C1367,G8 Lost,0,沉睡客戶,大優惠喚醒 + 個人化召回簡訊,219,0,7861
C1048,G8 Lost,2,流失高風險,"加碼折扣 + 主動關懷,搶在流失前挽留",38,3,20248
C1143,G7 Hibernating,3,穩定中段,推次高規則 + 定期 Banner 維繫,82,3,41612
C0635,G2 Loyal,1,VIP 高頻高額,推 D13 Top 規則加價購 / 專屬客服,34,8,31620
C0866,G5 Potential Loyalists,1,VIP 高頻高額,推 D13 Top 規則加價購 / 專屬客服,16,5,140820
C0788,G2 Loyal,1,VIP 高頻高額,推 D13 Top 規則加價購 / 專屬客服,11,9,30839
C0745,G6 At Risk,3,穩定中段,推次高規則 + 定期 Banner 維繫,47,6,29980
C0860,G1 VIP(Champions),1,VIP 高頻高額,推 D13 Top 規則加價購 / 專屬客服,17,10,38492
C0295,G2 Loyal,1,VIP 高頻高額,推 D13 Top 規則加價購 / 專屬客服,35,10,22603
C0545,G5 Potential Loyalists,1,VIP 高頻高額,推 D13 Top 規則加價購 / 專屬客服,8,7,48748
C1363,G8 Lost,0,沉睡客戶,大優惠喚醒 + 個人化召回簡訊,286,0,8269
C0089,G1 VIP(Champions),1,VIP 高頻高額,推 D13 Top 規則加價購 / 專屬客服,14,18,104800
C1032,G7 Hibernating,2,流失高風險,"加碼折扣 + 主動關懷,搶在流失前挽留",118,0,31596
C1380,G8 Lost,0,沉睡客戶,大優惠喚醒 + 個人化召回簡訊,221,0,12518
C0577,G5 Potential Loyalists,2,流失高風險,"加碼折扣 + 主動關懷,搶在流失前挽留",22,5,18409
C0907,G8 Lost,3,穩定中段,推次高規則 + 定期 Banner 維繫,85,3,18731
C1388,G8 Lost,0,沉睡客戶,大優惠喚醒 + 個人化召回簡訊,252,0,3213
C1092,G8 Lost,2,流失高風險,"加碼折扣 + 主動關懷,搶在流失前挽留",61,0,20567
C0944,G8 Lost,3,穩定中段,推次高規則 + 定期 Banner 維繫,92,1,11558
C0291,G2 Loyal,1,VIP 高頻高額,推 D13 Top 規則加價購 / 專屬客服,38,8,69091
C1419,G8 Lost,0,沉睡客戶,大優惠喚醒 + 個人化召回簡訊,203,1,8442
C1019,G7 Hibernating,2,流失高風險,"加碼折扣 + 主動關懷,搶在流失前挽留",78,1,23108
C0349,G2 Loyal,1,VIP 高頻高額,推 D13 Top 規則加價購 / 專屬客服,34,9,39302
C0568,G5 Potential Loyalists,2,流失高風險,"加碼折扣 + 主動關懷,搶在流失前挽留",7,5,90893
C1413,G7 Hibernating,0,沉睡客戶,大優惠喚醒 + 個人化召回簡訊,250,2,22555
C1059,G8 Lost,2,流失高風險,"加碼折扣 + 主動關懷,搶在流失前挽留",55,0,4709
C0600,G2 Loyal,1,VIP 高頻高額,推 D13 Top 規則加價購 / 專屬客服,24,9,30414
C0459,G1 VIP(Champions),2,流失高風險,"加碼折扣 + 主動關懷,搶在流失前挽留",4,8,54756
C0376,G2 Loyal,3,穩定中段,推次高規則 + 定期 Banner 維繫,41,8,22864
C0334,G5 Potential Loyalists,1,VIP 高頻高額,推 D13 Top 規則加價購 / 專屬客服,0,5,55479
C0757,G1 VIP(Champions),1,VIP 高頻高額,推 D13 Top 規則加價購 / 專屬客服,17,11,33686
C1324,G8 Lost,3,穩定中段,推次高規則 + 定期 Banner 維繫,97,3,15960
C0712,G8 Lost,3,穩定中段,推次高規則 + 定期 Banner 維繫,39,2,21950
C1390,G8 Lost,0,沉睡客戶,大優惠喚醒 + 個人化召回簡訊,319,0,4618
C0567,G8 Lost,3,穩定中段,推次高規則 + 定期 Banner 維繫,20,8,7896
C0329,G8 Lost,2,流失高風險,"加碼折扣 + 主動關懷,搶在流失前挽留",36,7,37309
C0319,G8 Lost,2,流失高風險,"加碼折扣 + 主動關懷,搶在流失前挽留",1,10,10021
C1303,G8 Lost,3,穩定中段,推次高規則 + 定期 Banner 維繫,73,3,7265
C0953,G8 Lost,3,穩定中段,推次高規則 + 定期 Banner 維繫,99,3,15321
C0013,G1 VIP(Champions),1,VIP 高頻高額,推 D13 Top 規則加價購 / 專屬客服,3,13,102962
C0172,G2 Loyal,1,VIP 高頻高額,推 D13 Top 規則加價購 / 專屬客服,44,8,35197
C0261,G2 Loyal,1,VIP 高頻高額,推 D13 Top 規則加價購 / 專屬客服,13,10,27135
C0820,G2 Loyal,3,穩定中段,推次高規則 + 定期 Banner 維繫,40,8,29391
C1495,G8 Lost,0,沉睡客戶,大優惠喚醒 + 個人化召回簡訊,336,0,8095
C0797,G2 Loyal,2,流失高風險,"加碼折扣 + 主動關懷,搶在流失前挽留",31,10,24845
C0139,G1 VIP(Champions),1,VIP 高頻高額,推 D13 Top 規則加價購 / 專屬客服,2,15,51032
C0550,G5 Potential Loyalists,2,流失高風險,"加碼折扣 + 主動關懷,搶在流失前挽留",27,7,22192
C0616,G8 Lost,2,流失高風險,"加碼折扣 + 主動關懷,搶在流失前挽留",26,10,18302
C0846,G8 Lost,2,流失高風險,"加碼折扣 + 主動關懷,搶在流失前挽留",39,6,39956
C0778,G2 Loyal,1,VIP 高頻高額,推 D13 Top 規則加價購 / 專屬客服,35,8,44271
C0559,G1 VIP(Champions),1,VIP 高頻高額,推 D13 Top 規則加價購 / 專屬客服,30,10,36949
C0140,G1 VIP(Champions),1,VIP 高頻高額,推 D13 Top 規則加價購 / 專屬客服,13,13,32739
C1310,G8 Lost,2,流失高風險,"加碼折扣 + 主動關懷,搶在流失前挽留",103,3,16768
C1024,G8 Lost,3,穩定中段,推次高規則 + 定期 Banner 維繫,58,4,17865
C0225,G5 Potential Loyalists,3,穩定中段,推次高規則 + 定期 Banner 維繫,5,5,22742
C0964,G8 Lost,3,穩定中段,推次高規則 + 定期 Banner 維繫,83,0,14681
C0410,G2 Loyal,3,穩定中段,推次高規則 + 定期 Banner 維繫,5,8,21715
C0326,G5 Potential Loyalists,1,VIP 高頻高額,推 D13 Top 規則加價購 / 專屬客服,30,7,70859
C0300,G5 Potential Loyalists,3,穩定中段,推次高規則 + 定期 Banner 維繫,27,6,27553
C0994,G8 Lost,2,流失高風險,"加碼折扣 + 主動關懷,搶在流失前挽留",55,3,19121
C1033,G7 Hibernating,2,流失高風險,"加碼折扣 + 主動關懷,搶在流失前挽留",94,2,20780
C0671,G1 VIP(Champions),1,VIP 高頻高額,推 D13 Top 規則加價購 / 專屬客服,23,12,68002
C1480,G8 Lost,0,沉睡客戶,大優惠喚醒 + 個人化召回簡訊,137,0,2845
C0947,G8 Lost,2,流失高風險,"加碼折扣 + 主動關懷,搶在流失前挽留",114,2,7677
C1270,G8 Lost,2,流失高風險,"加碼折扣 + 主動關懷,搶在流失前挽留",118,3,20041
C0574,G1 VIP(Champions),1,VIP 高頻高額,推 D13 Top 規則加價購 / 專屬客服,30,12,67269
C0504,G1 VIP(Champions),1,VIP 高頻高額,推 D13 Top 規則加價購 / 專屬客服,30,9,38275
C1038,G8 Lost,3,穩定中段,推次高規則 + 定期 Banner 維繫,71,0,4939
C0004,G1 VIP(Champions),1,VIP 高頻高額,推 D13 Top 規則加價購 / 專屬客服,12,10,41757
C1469,G8 Lost,0,沉睡客戶,大優惠喚醒 + 個人化召回簡訊,350,0,5394
C0468,G1 VIP(Champions),1,VIP 高頻高額,推 D13 Top 規則加價購 / 專屬客服,21,8,35641
C0322,G2 Loyal,3,穩定中段,推次高規則 + 定期 Banner 維繫,43,8,23000
C0006,G1 VIP(Champions),1,VIP 高頻高額,推 D13 Top 規則加價購 / 專屬客服,14,15,68267
C0974,G8 Lost,2,流失高風險,"加碼折扣 + 主動關懷,搶在流失前挽留",65,1,6849
C0548,G1 VIP(Champions),1,VIP 高頻高額,推 D13 Top 規則加價購 / 專屬客服,30,12,92631
C1477,G8 Lost,2,流失高風險,"加碼折扣 + 主動關懷,搶在流失前挽留",144,0,8265
C0040,G1 VIP(Champions),1,VIP 高頻高額,推 D13 Top 規則加價購 / 專屬客服,7,19,251054
C0543,G2 Loyal,2,流失高風險,"加碼折扣 + 主動關懷,搶在流失前挽留",28,9,22446
C0243,G8 Lost,3,穩定中段,推次高規則 + 定期 Banner 維繫,46,7,30086
C0137,G1 VIP(Champions),1,VIP 高頻高額,推 D13 Top 規則加價購 / 專屬客服,14,16,52530
C0603,G1 VIP(Champions),1,VIP 高頻高額,推 D13 Top 規則加價購 / 專屬客服,16,10,78966
C0773,G1 VIP(Champions),1,VIP 高頻高額,推 D13 Top 規則加價購 / 專屬客服,30,9,35626
C0847,G5 Potential Loyalists,1,VIP 高頻高額,推 D13 Top 規則加價購 / 專屬客服,10,7,61344
C1091,G8 Lost,3,穩定中段,推次高規則 + 定期 Banner 維繫,112,4,13609
C1366,G7 Hibernating,3,穩定中段,推次高規則 + 定期 Banner 維繫,123,3,38183
C0582,G5 Potential Loyalists,1,VIP 高頻高額,推 D13 Top 規則加價購 / 專屬客服,13,7,54270
C1475,G8 Lost,0,沉睡客戶,大優惠喚醒 + 個人化召回簡訊,242,1,5056
C0789,G3 Big Spenders,2,流失高風險,"加碼折扣 + 主動關懷,搶在流失前挽留",26,4,37374
C1389,G8 Lost,0,沉睡客戶,大優惠喚醒 + 個人化召回簡訊,196,1,9294
C0377,G4 New/Promising,3,穩定中段,推次高規則 + 定期 Banner 維繫,25,2,17114
C0315,G8 Lost,3,穩定中段,推次高規則 + 定期 Banner 維繫,13,8,19872
C0443,G8 Lost,3,穩定中段,推次高規則 + 定期 Banner 維繫,32,8,17225
C0320,G8 Lost,1,VIP 高頻高額,推 D13 Top 規則加價購 / 專屬客服,26,11,19125
C1479,G8 Lost,0,沉睡客戶,大優惠喚醒 + 個人化召回簡訊,273,1,5710
C0794,G6 At Risk,3,穩定中段,推次高規則 + 定期 Banner 維繫,49,7,21888
C1133,G7 Hibernating,3,穩定中段,推次高規則 + 定期 Banner 維繫,97,3,30986
C0425,G2 Loyal,1,VIP 高頻高額,推 D13 Top 規則加價購 / 專屬客服,45,11,62222
C0554,G8 Lost,3,穩定中段,推次高規則 + 定期 Banner 維繫,31,9,19930
C0595,G5 Potential Loyalists,3,穩定中段,推次高規則 + 定期 Banner 維繫,18,6,33070
C0894,G2 Loyal,3,穩定中段,推次高規則 + 定期 Banner 維繫,38,9,23878
C1482,G7 Hibernating,3,穩定中段,推次高規則 + 定期 Banner 維繫,101,0,23172
C1218,G7 Hibernating,3,穩定中段,推次高規則 + 定期 Banner 維繫,121,2,22169
C1165,G8 Lost,3,穩定中段,推次高規則 + 定期 Banner 維繫,103,2,13645
C0228,G2 Loyal,3,穩定中段,推次高規則 + 定期 Banner 維繫,26,9,23251
C0715,G8 Lost,3,穩定中段,推次高規則 + 定期 Banner 維繫,35,5,25752
C0811,G6 At Risk,3,穩定中段,推次高規則 + 定期 Banner 維繫,47,10,22172
C0980,G7 Hibernating,3,穩定中段,推次高規則 + 定期 Banner 維繫,103,3,23965
C1076,G7 Hibernating,3,穩定中段,推次高規則 + 定期 Banner 維繫,99,2,59030
C0067,G1 VIP(Champions),1,VIP 高頻高額,推 D13 Top 規則加價購 / 專屬客服,0,25,57287
C0394,G1 VIP(Champions),1,VIP 高頻高額,推 D13 Top 規則加價購 / 專屬客服,14,10,33513
C0580,G1 VIP(Champions),1,VIP 高頻高額,推 D13 Top 規則加價購 / 專屬客服,5,9,33795
C0990,G8 Lost,3,穩定中段,推次高規則 + 定期 Banner 維繫,79,2,8307
C0212,G1 VIP(Champions),1,VIP 高頻高額,推 D13 Top 規則加價購 / 專屬客服,10,8,72166
C1160,G7 Hibernating,3,穩定中段,推次高規則 + 定期 Banner 維繫,81,4,54088
C0782,G2 Loyal,1,VIP 高頻高額,推 D13 Top 規則加價購 / 專屬客服,42,13,26818
C0537,G8 Lost,3,穩定中段,推次高規則 + 定期 Banner 維繫,26,10,16460
C0775,G8 Lost,2,流失高風險,"加碼折扣 + 主動關懷,搶在流失前挽留",33,5,109024
C0662,G8 Lost,3,穩定中段,推次高規則 + 定期 Banner 維繫,10,4,29449
C0086,G1 VIP(Champions),1,VIP 高頻高額,推 D13 Top 規則加價購 / 專屬客服,11,17,80656
C1350,G7 Hibernating,2,流失高風險,"加碼折扣 + 主動關懷,搶在流失前挽留",60,2,77847
C1217,G7 Hibernating,3,穩定中段,推次高規則 + 定期 Banner 維繫,112,4,34280
C0916,G8 Lost,2,流失高風險,"加碼折扣 + 主動關懷,搶在流失前挽留",97,1,10998
C0661,G8 Lost,1,VIP 高頻高額,推 D13 Top 規則加價購 / 專屬客服,31,6,44809
C1351,G8 Lost,0,沉睡客戶,大優惠喚醒 + 個人化召回簡訊,316,1,6914
C0631,G4 New/Promising,3,穩定中段,推次高規則 + 定期 Banner 維繫,6,4,17383
C1034,G7 Hibernating,2,流失高風險,"加碼折扣 + 主動關懷,搶在流失前挽留",72,1,23599
C1400,G8 Lost,0,沉睡客戶,大優惠喚醒 + 個人化召回簡訊,224,0,18852
C1093,G8 Lost,2,流失高風險,"加碼折扣 + 主動關懷,搶在流失前挽留",79,2,8966
C0274,G1 VIP(Champions),1,VIP 高頻高額,推 D13 Top 規則加價購 / 專屬客服,27,10,101111
C0723,G2 Loyal,1,VIP 高頻高額,推 D13 Top 規則加價購 / 專屬客服,19,9,23580
C0363,G2 Loyal,1,VIP 高頻高額,推 D13 Top 規則加價購 / 專屬客服,35,12,33819
C0623,G5 Potential Loyalists,3,穩定中段,推次高規則 + 定期 Banner 維繫,26,7,26116
C0003,G1 VIP(Champions),1,VIP 高頻高額,推 D13 Top 規則加價購 / 專屬客服,0,14,41041
C0007,G1 VIP(Champions),1,VIP 高頻高額,推 D13 Top 規則加價購 / 專屬客服,10,26,79532
C0312,G2 Loyal,1,VIP 高頻高額,推 D13 Top 規則加價購 / 專屬客服,25,8,30021
C1168,G8 Lost,3,穩定中段,推次高規則 + 定期 Banner 維繫,53,3,6056
C0939,G8 Lost,2,流失高風險,"加碼折扣 + 主動關懷,搶在流失前挽留",45,3,5645
C1478,G8 Lost,0,沉睡客戶,大優惠喚醒 + 個人化召回簡訊,347,0,3286
C0216,G3 Big Spenders,2,流失高風險,"加碼折扣 + 主動關懷,搶在流失前挽留",29,4,34624
C1321,G8 Lost,3,穩定中段,推次高規則 + 定期 Banner 維繫,55,2,8219
C0028,G2 Loyal,1,VIP 高頻高額,推 D13 Top 規則加價購 / 專屬客服,1,18,29296
C1466,G8 Lost,2,流失高風險,"加碼折扣 + 主動關懷,搶在流失前挽留",97,1,7385
C1025,G8 Lost,2,流失高風險,"加碼折扣 + 主動關懷,搶在流失前挽留",122,3,13129
C0786,G8 Lost,1,VIP 高頻高額,推 D13 Top 規則加價購 / 專屬客服,29,13,18385
C0639,G8 Lost,3,穩定中段,推次高規則 + 定期 Banner 維繫,14,10,14056
C0830,G8 Lost,3,穩定中段,推次高規則 + 定期 Banner 維繫,45,7,34568
C0827,G1 VIP(Champions),2,流失高風險,"加碼折扣 + 主動關懷,搶在流失前挽留",3,10,33484
C0625,G2 Loyal,1,VIP 高頻高額,推 D13 Top 規則加價購 / 專屬客服,17,10,26154
C0850,G1 VIP(Champions),1,VIP 高頻高額,推 D13 Top 規則加價購 / 專屬客服,22,8,48909
C0257,G2 Loyal,1,VIP 高頻高額,推 D13 Top 規則加價購 / 專屬客服,35,9,67453
C0026,G1 VIP(Champions),1,VIP 高頻高額,推 D13 Top 規則加價購 / 專屬客服,6,19,86733
C0337,G8 Lost,3,穩定中段,推次高規則 + 定期 Banner 維繫,18,8,17142
C0573,G1 VIP(Champions),1,VIP 高頻高額,推 D13 Top 規則加價購 / 專屬客服,15,9,53600
C0048,G1 VIP(Champions),1,VIP 高頻高額,推 D13 Top 規則加價購 / 專屬客服,4,17,155067
C0107,G1 VIP(Champions),1,VIP 高頻高額,推 D13 Top 規則加價購 / 專屬客服,2,15,52160
C0350,G8 Lost,2,流失高風險,"加碼折扣 + 主動關懷,搶在流失前挽留",39,5,19625
C0056,G1 VIP(Champions),1,VIP 高頻高額,推 D13 Top 規則加價購 / 專屬客服,13,24,102068
C0809,G2 Loyal,3,穩定中段,推次高規則 + 定期 Banner 維繫,46,8,29822
C0214,G8 Lost,1,VIP 高頻高額,推 D13 Top 規則加價購 / 專屬客服,39,4,68041
C0121,G2 Loyal,1,VIP 高頻高額,推 D13 Top 規則加價購 / 專屬客服,16,23,26888
C0870,G8 Lost,3,穩定中段,推次高規則 + 定期 Banner 維繫,42,12,12510
C0856,G2 Loyal,1,VIP 高頻高額,推 D13 Top 規則加價購 / 專屬客服,35,8,32753
C0073,G1 VIP(Champions),1,VIP 高頻高額,推 D13 Top 規則加價購 / 專屬客服,6,21,67513
C1381,G8 Lost,0,沉睡客戶,大優惠喚醒 + 個人化召回簡訊,325,1,11709
C0721,G8 Lost,2,流失高風險,"加碼折扣 + 主動關懷,搶在流失前挽留",24,10,17327
C0046,G1 VIP(Champions),1,VIP 高頻高額,推 D13 Top 規則加價購 / 專屬客服,7,24,49284
C1264,G7 Hibernating,2,流失高風險,"加碼折扣 + 主動關懷,搶在流失前挽留",99,2,24780
C0524,G5 Potential Loyalists,2,流失高風險,"加碼折扣 + 主動關懷,搶在流失前挽留",27,7,33038
C0869,G5 Potential Loyalists,1,VIP 高頻高額,推 D13 Top 規則加價購 / 專屬客服,15,5,62977
C1108,G7 Hibernating,2,流失高風險,"加碼折扣 + 主動關懷,搶在流失前挽留",79,2,44383
C1275,G7 Hibernating,2,流失高風險,"加碼折扣 + 主動關懷,搶在流失前挽留",87,2,34594
C0803,G8 Lost,1,VIP 高頻高額,推 D13 Top 規則加價購 / 專屬客服,35,7,42302
C0534,G8 Lost,2,流失高風險,"加碼折扣 + 主動關懷,搶在流失前挽留",34,8,13053
C1138,G7 Hibernating,3,穩定中段,推次高規則 + 定期 Banner 維繫,59,2,29911
C0604,G2 Loyal,1,VIP 高頻高額,推 D13 Top 規則加價購 / 專屬客服,36,10,23021
C0466,G8 Lost,3,穩定中段,推次高規則 + 定期 Banner 維繫,9,11,7014
C1203,G8 Lost,2,流失高風險,"加碼折扣 + 主動關懷,搶在流失前挽留",111,5,14895
C1278,G8 Lost,2,流失高風險,"加碼折扣 + 主動關懷,搶在流失前挽留",101,2,14528
C1444,G7 Hibernating,0,沉睡客戶,大優惠喚醒 + 個人化召回簡訊,357,1,23346
C0989,G8 Lost,3,穩定中段,推次高規則 + 定期 Banner 維繫,77,2,19497
C0061,G1 VIP(Champions),1,VIP 高頻高額,推 D13 Top 規則加價購 / 專屬客服,18,20,43311
C0886,G2 Loyal,1,VIP 高頻高額,推 D13 Top 規則加價購 / 專屬客服,9,11,22460
C0093,G8 Lost,1,VIP 高頻高額,推 D13 Top 規則加價購 / 專屬客服,16,17,20699
C0667,G5 Potential Loyalists,3,穩定中段,推次高規則 + 定期 Banner 維繫,12,7,16253
C0706,G2 Loyal,1,VIP 高頻高額,推 D13 Top 規則加價購 / 專屬客服,29,11,24849
C0195,G1 VIP(Champions),1,VIP 高頻高額,推 D13 Top 規則加價購 / 專屬客服,10,10,66367
C0281,G2 Loyal,1,VIP 高頻高額,推 D13 Top 規則加價購 / 專屬客服,21,9,28471
C0696,G2 Loyal,1,VIP 高頻高額,推 D13 Top 規則加價購 / 專屬客服,11,10,31701
C0360,G1 VIP(Champions),1,VIP 高頻高額,推 D13 Top 規則加價購 / 專屬客服,16,9,43190
C0520,G2 Loyal,1,VIP 高頻高額,推 D13 Top 規則加價購 / 專屬客服,6,11,27241
C0813,G5 Potential Loyalists,1,VIP 高頻高額,推 D13 Top 規則加價購 / 專屬客服,27,7,111951
C0768,G2 Loyal,1,VIP 高頻高額,推 D13 Top 規則加價購 / 專屬客服,14,9,31365
C0183,G8 Lost,3,穩定中段,推次高規則 + 定期 Banner 維繫,1,11,12914
C1487,G8 Lost,2,流失高風險,"加碼折扣 + 主動關懷,搶在流失前挽留",128,0,15364
C0111,G1 VIP(Champions),1,VIP 高頻高額,推 D13 Top 規則加價購 / 專屬客服,0,19,45761
C0043,G1 VIP(Champions),1,VIP 高頻高額,推 D13 Top 規則加價購 / 專屬客服,8,25,75085
C1007,G7 Hibernating,2,流失高風險,"加碼折扣 + 主動關懷,搶在流失前挽留",94,2,21542
C0205,G1 VIP(Champions),1,VIP 高頻高額,推 D13 Top 規則加價購 / 專屬客服,21,10,46724
C0821,G8 Lost,3,穩定中段,推次高規則 + 定期 Banner 維繫,18,9,15857
C0053,G1 VIP(Champions),1,VIP 高頻高額,推 D13 Top 規則加價購 / 專屬客服,18,21,46876
C0546,G8 Lost,1,VIP 高頻高額,推 D13 Top 規則加價購 / 專屬客服,34,7,90582
C1132,G8 Lost,3,穩定中段,推次高規則 + 定期 Banner 維繫,79,2,10298
C1158,G8 Lost,2,流失高風險,"加碼折扣 + 主動關懷,搶在流失前挽留",96,3,9316
C1468,G8 Lost,0,沉睡客戶,大優惠喚醒 + 個人化召回簡訊,158,0,7599
C0911,G8 Lost,3,穩定中段,推次高規則 + 定期 Banner 維繫,50,0,16386
C0184,G8 Lost,2,流失高風險,"加碼折扣 + 主動關懷,搶在流失前挽留",39,6,12308
C0138,G1 VIP(Champions),1,VIP 高頻高額,推 D13 Top 規則加價購 / 專屬客服,21,21,43898
C1150,G8 Lost,3,穩定中段,推次高規則 + 定期 Banner 維繫,83,3,19659
C0081,G1 VIP(Champions),1,VIP 高頻高額,推 D13 Top 規則加價購 / 專屬客服,22,16,51444
C1213,G8 Lost,3,穩定中段,推次高規則 + 定期 Banner 維繫,96,2,7953
C0106,G1 VIP(Champions),1,VIP 高頻高額,推 D13 Top 規則加價購 / 專屬客服,1,14,82674
C0542,G2 Loyal,1,VIP 高頻高額,推 D13 Top 規則加價購 / 專屬客服,36,8,51381
C1314,G8 Lost,3,穩定中段,推次高規則 + 定期 Banner 維繫,48,1,16489
C0481,G8 Lost,3,穩定中段,推次高規則 + 定期 Banner 維繫,41,11,14285
C0166,G8 Lost,3,穩定中段,推次高規則 + 定期 Banner 維繫,32,6,27830
C0249,G1 VIP(Champions),1,VIP 高頻高額,推 D13 Top 規則加價購 / 專屬客服,27,11,52276
C0308,G2 Loyal,1,VIP 高頻高額,推 D13 Top 規則加價購 / 專屬客服,34,8,43590
C0447,G1 VIP(Champions),1,VIP 高頻高額,推 D13 Top 規則加價購 / 專屬客服,26,8,81648
C0747,G5 Potential Loyalists,3,穩定中段,推次高規則 + 定期 Banner 維繫,13,7,28213
C0335,G2 Loyal,1,VIP 高頻高額,推 D13 Top 規則加價購 / 專屬客服,17,9,25748
C0098,G5 Potential Loyalists,1,VIP 高頻高額,推 D13 Top 規則加價購 / 專屬客服,11,6,69231
C0760,G5 Potential Loyalists,1,VIP 高頻高額,推 D13 Top 規則加價購 / 專屬客服,17,7,51394
C0738,G5 Potential Loyalists,3,穩定中段,推次高規則 + 定期 Banner 維繫,26,5,27115
C0837,G5 Potential Loyalists,3,穩定中段,推次高規則 + 定期 Banner 維繫,17,6,17360
C0943,G7 Hibernating,3,穩定中段,推次高規則 + 定期 Banner 維繫,62,1,26460
C0103,G1 VIP(Champions),1,VIP 高頻高額,推 D13 Top 規則加價購 / 專屬客服,5,11,94575
C0435,G5 Potential Loyalists,3,穩定中段,推次高規則 + 定期 Banner 維繫,13,5,26310
C0075,G1 VIP(Champions),1,VIP 高頻高額,推 D13 Top 規則加價購 / 專屬客服,9,18,55618
C1341,G8 Lost,3,穩定中段,推次高規則 + 定期 Banner 維繫,73,2,10325
C1125,G7 Hibernating,2,流失高風險,"加碼折扣 + 主動關懷,搶在流失前挽留",66,4,40329
C1360,G8 Lost,2,流失高風險,"加碼折扣 + 主動關懷,搶在流失前挽留",110,2,19323
C0303,G2 Loyal,3,穩定中段,推次高規則 + 定期 Banner 維繫,44,9,21979
C1263,G8 Lost,2,流失高風險,"加碼折扣 + 主動關懷,搶在流失前挽留",82,1,12804
C1224,G7 Hibernating,3,穩定中段,推次高規則 + 定期 Banner 維繫,108,1,26800
C0734,G8 Lost,3,穩定中段,推次高規則 + 定期 Banner 維繫,43,11,12098
C0389,G2 Loyal,1,VIP 高頻高額,推 D13 Top 規則加價購 / 專屬客服,43,10,58717
C0236,G8 Lost,3,穩定中段,推次高規則 + 定期 Banner 維繫,0,8,17223
C1246,G7 Hibernating,2,流失高風險,"加碼折扣 + 主動關懷,搶在流失前挽留",60,1,31604
C0268,G8 Lost,3,穩定中段,推次高規則 + 定期 Banner 維繫,29,8,15370
C0306,G8 Lost,3,穩定中段,推次高規則 + 定期 Banner 維繫,31,6,16544
C0118,G1 VIP(Champions),1,VIP 高頻高額,推 D13 Top 規則加價購 / 專屬客服,16,10,72998
C1212,G8 Lost,2,流失高風險,"加碼折扣 + 主動關懷,搶在流失前挽留",73,2,10276
C0674,G1 VIP(Champions),1,VIP 高頻高額,推 D13 Top 規則加價購 / 專屬客服,16,8,90274
C0250,G8 Lost,3,穩定中段,推次高規則 + 定期 Banner 維繫,40,2,83972
C1094,G8 Lost,2,流失高風險,"加碼折扣 + 主動關懷,搶在流失前挽留",119,2,6348
C1080,G8 Lost,2,流失高風險,"加碼折扣 + 主動關懷,搶在流失前挽留",81,1,5658
C0072,G1 VIP(Champions),1,VIP 高頻高額,推 D13 Top 規則加價購 / 專屬客服,17,18,67634
C0095,G1 VIP(Champions),1,VIP 高頻高額,推 D13 Top 規則加價購 / 專屬客服,4,21,81607
C0848,G8 Lost,3,穩定中段,推次高規則 + 定期 Banner 維繫,41,9,20310
C0034,G1 VIP(Champions),1,VIP 高頻高額,推 D13 Top 規則加價購 / 專屬客服,3,12,115589
C1101,G7 Hibernating,2,流失高風險,"加碼折扣 + 主動關懷,搶在流失前挽留",51,4,46479
C0449,G5 Potential Loyalists,3,穩定中段,推次高規則 + 定期 Banner 維繫,21,6,36558
C0446,G2 Loyal,1,VIP 高頻高額,推 D13 Top 規則加價購 / 專屬客服,31,10,94965
C0772,G8 Lost,1,VIP 高頻高額,推 D13 Top 規則加價購 / 專屬客服,45,11,20176
C0717,G5 Potential Loyalists,1,VIP 高頻高額,推 D13 Top 規則加價購 / 專屬客服,17,5,62820
C0887,G6 At Risk,1,VIP 高頻高額,推 D13 Top 規則加價購 / 專屬客服,50,8,69961
C1245,G7 Hibernating,2,流失高風險,"加碼折扣 + 主動關懷,搶在流失前挽留",79,2,31452
C0901,G8 Lost,2,流失高風險,"加碼折扣 + 主動關懷,搶在流失前挽留",90,2,12681
C1036,G7 Hibernating,2,流失高風險,"加碼折扣 + 主動關懷,搶在流失前挽留",62,2,24604
C0078,G1 VIP(Champions),1,VIP 高頻高額,推 D13 Top 規則加價購 / 專屬客服,1,10,61975
C0085,G1 VIP(Champions),1,VIP 高頻高額,推 D13 Top 規則加價購 / 專屬客服,18,15,47437
C0835,G2 Loyal,1,VIP 高頻高額,推 D13 Top 規則加價購 / 專屬客服,34,10,54520
C0083,G1 VIP(Champions),1,VIP 高頻高額,推 D13 Top 規則加價購 / 專屬客服,7,13,40622
C0458,G8 Lost,3,穩定中段,推次高規則 + 定期 Banner 維繫,35,10,15964
C0919,G8 Lost,3,穩定中段,推次高規則 + 定期 Banner 維繫,101,3,20148
C0677,G8 Lost,3,穩定中段,推次高規則 + 定期 Banner 維繫,32,5,20754
C0985,G7 Hibernating,2,流失高風險,"加碼折扣 + 主動關懷,搶在流失前挽留",62,1,26693
C1240,G8 Lost,3,穩定中段,推次高規則 + 定期 Banner 維繫,83,2,20385
C0437,G1 VIP(Champions),1,VIP 高頻高額,推 D13 Top 規則加價購 / 專屬客服,28,10,34856
C0771,G3 Big Spenders,3,穩定中段,推次高規則 + 定期 Banner 維繫,29,4,35360
C0645,G8 Lost,3,穩定中段,推次高規則 + 定期 Banner 維繫,24,8,14594
C1120,G7 Hibernating,3,穩定中段,推次高規則 + 定期 Banner 維繫,80,3,28477
C0906,G7 Hibernating,2,流失高風險,"加碼折扣 + 主動關懷,搶在流失前挽留",73,3,55355
C1194,G7 Hibernating,2,流失高風險,"加碼折扣 + 主動關懷,搶在流失前挽留",68,2,24076
C0405,G1 VIP(Champions),1,VIP 高頻高額,推 D13 Top 規則加價購 / 專屬客服,7,8,43313
C1304,G8 Lost,2,流失高風險,"加碼折扣 + 主動關懷,搶在流失前挽留",51,1,15620
C0934,G8 Lost,3,穩定中段,推次高規則 + 定期 Banner 維繫,58,0,11166
C1486,G8 Lost,0,沉睡客戶,大優惠喚醒 + 個人化召回簡訊,166,1,16812
C0105,G1 VIP(Champions),1,VIP 高頻高額,推 D13 Top 規則加價購 / 專屬客服,9,23,33065
C0610,G5 Potential Loyalists,1,VIP 高頻高額,推 D13 Top 規則加價購 / 專屬客服,28,7,56272
C1456,G8 Lost,0,沉睡客戶,大優惠喚醒 + 個人化召回簡訊,183,1,12974
C0689,G2 Loyal,1,VIP 高頻高額,推 D13 Top 規則加價購 / 專屬客服,37,11,42979
C0949,G8 Lost,2,流失高風險,"加碼折扣 + 主動關懷,搶在流失前挽留",83,1,19444
C0932,G8 Lost,3,穩定中段,推次高規則 + 定期 Banner 維繫,42,4,9071
C0063,G1 VIP(Champions),1,VIP 高頻高額,推 D13 Top 規則加價購 / 專屬客服,3,11,39297
C0282,G2 Loyal,1,VIP 高頻高額,推 D13 Top 規則加價購 / 專屬客服,37,9,105485
C0779,G1 VIP(Champions),1,VIP 高頻高額,推 D13 Top 規則加價購 / 專屬客服,16,11,48405
C1394,G8 Lost,0,沉睡客戶,大優惠喚醒 + 個人化召回簡訊,225,0,18799
C0239,G2 Loyal,1,VIP 高頻高額,推 D13 Top 規則加價購 / 專屬客服,41,12,78698
C0224,G8 Lost,3,穩定中段,推次高規則 + 定期 Banner 維繫,0,8,14783
C0146,G1 VIP(Champions),1,VIP 高頻高額,推 D13 Top 規則加價購 / 專屬客服,11,22,39217
C1399,G8 Lost,0,沉睡客戶,大優惠喚醒 + 個人化召回簡訊,281,0,10241
C0374,G4 New/Promising,2,流失高風險,"加碼折扣 + 主動關懷,搶在流失前挽留",19,3,14348
C1229,G8 Lost,3,穩定中段,推次高規則 + 定期 Banner 維繫,59,1,9630
C0119,G1 VIP(Champions),1,VIP 高頻高額,推 D13 Top 規則加價購 / 專屬客服,15,13,131855
C1167,G8 Lost,2,流失高風險,"加碼折扣 + 主動關懷,搶在流失前挽留",47,2,12910
C0251,G8 Lost,2,流失高風險,"加碼折扣 + 主動關懷,搶在流失前挽留",32,9,13156
C1445,G8 Lost,2,流失高風險,"加碼折扣 + 主動關懷,搶在流失前挽留",159,1,12337
C1023,G8 Lost,3,穩定中段,推次高規則 + 定期 Banner 維繫,69,2,12419
C0010,G2 Loyal,1,VIP 高頻高額,推 D13 Top 規則加價購 / 專屬客服,0,22,24224
C0450,G1 VIP(Champions),1,VIP 高頻高額,推 D13 Top 規則加價購 / 專屬客服,18,8,46061
C0883,G8 Lost,1,VIP 高頻高額,推 D13 Top 規則加價購 / 專屬客服,37,7,63276
C0709,G5 Potential Loyalists,3,穩定中段,推次高規則 + 定期 Banner 維繫,16,6,9684
C0256,G8 Lost,1,VIP 高頻高額,推 D13 Top 規則加價購 / 專屬客服,41,7,43192
C0594,G8 Lost,2,流失高風險,"加碼折扣 + 主動關懷,搶在流失前挽留",12,9,20157
C0390,G8 Lost,3,穩定中段,推次高規則 + 定期 Banner 維繫,40,7,34264
C1088,G8 Lost,2,流失高風險,"加碼折扣 + 主動關懷,搶在流失前挽留",94,0,5995
C1201,G8 Lost,3,穩定中段,推次高規則 + 定期 Banner 維繫,43,0,22648
C0558,G8 Lost,3,穩定中段,推次高規則 + 定期 Banner 維繫,20,8,13908
C1288,G7 Hibernating,3,穩定中段,推次高規則 + 定期 Banner 維繫,72,4,23172
C0840,G2 Loyal,1,VIP 高頻高額,推 D13 Top 規則加價購 / 專屬客服,42,11,36720
C0461,G5 Potential Loyalists,1,VIP 高頻高額,推 D13 Top 規則加價購 / 專屬客服,11,7,98670
C0724,G2 Loyal,1,VIP 高頻高額,推 D13 Top 規則加價購 / 專屬客服,37,9,28926
C1382,G8 Lost,3,穩定中段,推次高規則 + 定期 Banner 維繫,123,1,11929
C0145,G2 Loyal,1,VIP 高頻高額,推 D13 Top 規則加價購 / 專屬客服,13,16,21603
C0502,G8 Lost,1,VIP 高頻高額,推 D13 Top 規則加價購 / 專屬客服,32,11,19416
C1099,G7 Hibernating,2,流失高風險,"加碼折扣 + 主動關懷,搶在流失前挽留",72,2,24607
C0740,G8 Lost,2,流失高風險,"加碼折扣 + 主動關懷,搶在流失前挽留",30,8,17077
C1385,G8 Lost,0,沉睡客戶,大優惠喚醒 + 個人化召回簡訊,174,2,5271
C0732,G5 Potential Loyalists,1,VIP 高頻高額,推 D13 Top 規則加價購 / 專屬客服,19,6,42295
C0540,G8 Lost,3,穩定中段,推次高規則 + 定期 Banner 維繫,51,7,20118
C0178,G8 Lost,1,VIP 高頻高額,推 D13 Top 規則加價購 / 專屬客服,32,6,69411
C1447,G8 Lost,0,沉睡客戶,大優惠喚醒 + 個人化召回簡訊,346,0,10146
C0698,G5 Potential Loyalists,2,流失高風險,"加碼折扣 + 主動關懷,搶在流失前挽留",7,5,34581
C0941,G6 At Risk,2,流失高風險,"加碼折扣 + 主動關懷,搶在流失前挽留",105,5,22216
C1050,G8 Lost,2,流失高風險,"加碼折扣 + 主動關懷,搶在流失前挽留",71,2,11130
C0923,G8 Lost,3,穩定中段,推次高規則 + 定期 Banner 維繫,44,2,15307
C0899,G8 Lost,3,穩定中段,推次高規則 + 定期 Banner 維繫,41,7,27164
C1493,G7 Hibernating,0,沉睡客戶,大優惠喚醒 + 個人化召回簡訊,337,2,20977
C0008,G1 VIP(Champions),1,VIP 高頻高額,推 D13 Top 規則加價購 / 專屬客服,10,16,72726
C0863,G1 VIP(Champions),1,VIP 高頻高額,推 D13 Top 規則加價購 / 專屬客服,5,10,38801
C0668,G8 Lost,3,穩定中段,推次高規則 + 定期 Banner 維繫,41,7,7088
C1161,G8 Lost,3,穩定中段,推次高規則 + 定期 Banner 維繫,64,5,9638
C0358,G6 At Risk,1,VIP 高頻高額,推 D13 Top 規則加價購 / 專屬客服,49,6,64455
C0784,G5 Potential Loyalists,3,穩定中段,推次高規則 + 定期 Banner 維繫,13,6,19932
C0736,G1 VIP(Champions),1,VIP 高頻高額,推 D13 Top 規則加價購 / 專屬客服,22,10,54214
C0330,G3 Big Spenders,3,穩定中段,推次高規則 + 定期 Banner 維繫,19,4,43479
C1056,G8 Lost,3,穩定中段,推次高規則 + 定期 Banner 維繫,44,0,10882
C1149,G7 Hibernating,2,流失高風險,"加碼折扣 + 主動關懷,搶在流失前挽留",48,0,39958
C1118,G8 Lost,2,流失高風險,"加碼折扣 + 主動關懷,搶在流失前挽留",71,4,15436
C0259,G8 Lost,3,穩定中段,推次高規則 + 定期 Banner 維繫,33,6,6448
C1176,G8 Lost,2,流失高風險,"加碼折扣 + 主動關懷,搶在流失前挽留",80,4,6208
C0373,G8 Lost,3,穩定中段,推次高規則 + 定期 Banner 維繫,48,7,13757
C1104,G8 Lost,2,流失高風險,"加碼折扣 + 主動關懷,搶在流失前挽留",70,2,4958
C0926,G8 Lost,2,流失高風險,"加碼折扣 + 主動關懷,搶在流失前挽留",72,1,19926
C0143,G1 VIP(Champions),1,VIP 高頻高額,推 D13 Top 規則加價購 / 專屬客服,19,14,44989
C0526,G5 Potential Loyalists,1,VIP 高頻高額,推 D13 Top 規則加價購 / 專屬客服,25,6,45777
C1139,G7 Hibernating,2,流失高風險,"加碼折扣 + 主動關懷,搶在流失前挽留",84,2,24384
C1008,G8 Lost,2,流失高風險,"加碼折扣 + 主動關懷,搶在流失前挽留",71,5,14807
C1122,G8 Lost,2,流失高風險,"加碼折扣 + 主動關懷,搶在流失前挽留",100,2,11990
C1424,G8 Lost,0,沉睡客戶,大優惠喚醒 + 個人化召回簡訊,326,2,9286
C0441,G1 VIP(Champions),1,VIP 高頻高額,推 D13 Top 規則加價購 / 專屬客服,22,8,102544
C0532,G1 VIP(Champions),1,VIP 高頻高額,推 D13 Top 規則加價購 / 專屬客服,10,8,38490
C1202,G7 Hibernating,3,穩定中段,推次高規則 + 定期 Banner 維繫,96,0,36123
C0227,G2 Loyal,1,VIP 高頻高額,推 D13 Top 規則加價購 / 專屬客服,34,11,91924
C1037,G7 Hibernating,2,流失高風險,"加碼折扣 + 主動關懷,搶在流失前挽留",92,3,29261
C0229,G8 Lost,2,流失高風險,"加碼折扣 + 主動關懷,搶在流失前挽留",45,7,13100
C1280,G8 Lost,3,穩定中段,推次高規則 + 定期 Banner 維繫,114,0,5952
C1450,G8 Lost,0,沉睡客戶,大優惠喚醒 + 個人化召回簡訊,220,1,3793
C0213,G1 VIP(Champions),1,VIP 高頻高額,推 D13 Top 規則加價購 / 專屬客服,26,9,72287
C0080,G1 VIP(Champions),1,VIP 高頻高額,推 D13 Top 規則加價購 / 專屬客服,5,20,43551
C0149,G1 VIP(Champions),1,VIP 高頻高額,推 D13 Top 規則加價購 / 專屬客服,0,17,103208
C0815,G5 Potential Loyalists,3,穩定中段,推次高規則 + 定期 Banner 維繫,15,6,19410
C0904,G8 Lost,2,流失高風險,"加碼折扣 + 主動關懷,搶在流失前挽留",45,1,21146
C0959,G8 Lost,2,流失高風險,"加碼折扣 + 主動關懷,搶在流失前挽留",39,4,21626
C0672,G2 Loyal,1,VIP 高頻高額,推 D13 Top 規則加價購 / 專屬客服,40,11,48364
C1156,G8 Lost,2,流失高風險,"加碼折扣 + 主動關懷,搶在流失前挽留",101,3,6426
C0556,G5 Potential Loyalists,1,VIP 高頻高額,推 D13 Top 規則加價購 / 專屬客服,7,6,108365
C0908,G8 Lost,2,流失高風險,"加碼折扣 + 主動關懷,搶在流失前挽留",41,2,25912
C0134,G1 VIP(Champions),1,VIP 高頻高額,推 D13 Top 規則加價購 / 專屬客服,6,24,117882
C1109,G8 Lost,2,流失高風險,"加碼折扣 + 主動關懷,搶在流失前挽留",73,2,9218
C0824,G8 Lost,3,穩定中段,推次高規則 + 定期 Banner 維繫,16,9,9465
C0409,G8 Lost,3,穩定中段,推次高規則 + 定期 Banner 維繫,45,8,16446
C0369,G2 Loyal,2,流失高風險,"加碼折扣 + 主動關懷,搶在流失前挽留",42,8,21790
C0508,G2 Loyal,1,VIP 高頻高額,推 D13 Top 規則加價購 / 專屬客服,37,11,29527
C1182,G8 Lost,3,穩定中段,推次高規則 + 定期 Banner 維繫,54,3,8319
C0505,G1 VIP(Champions),1,VIP 高頻高額,推 D13 Top 規則加價購 / 專屬客服,15,9,49206
C1489,G8 Lost,0,沉睡客戶,大優惠喚醒 + 個人化召回簡訊,292,1,3399
C0348,G8 Lost,2,流失高風險,"加碼折扣 + 主動關懷,搶在流失前挽留",39,5,26979
C0387,G8 Lost,2,流失高風險,"加碼折扣 + 主動關懷,搶在流失前挽留",37,8,8105
C0001,G1 VIP(Champions),1,VIP 高頻高額,推 D13 Top 規則加價購 / 專屬客服,2,10,5500000
C0361,G5 Potential Loyalists,2,流失高風險,"加碼折扣 + 主動關懷,搶在流失前挽留",12,7,8716
C0895,G8 Lost,1,VIP 高頻高額,推 D13 Top 規則加價購 / 專屬客服,35,5,59855
C0829,G2 Loyal,1,VIP 高頻高額,推 D13 Top 規則加價購 / 專屬客服,30,10,31659
C1416,G8 Lost,0,沉睡客戶,大優惠喚醒 + 個人化召回簡訊,349,2,9852
C0476,G8 Lost,2,流失高風險,"加碼折扣 + 主動關懷,搶在流失前挽留",44,5,21193
C1281,G7 Hibernating,2,流失高風險,"加碼折扣 + 主動關懷,搶在流失前挽留",53,2,49384
C0058,G1 VIP(Champions),1,VIP 高頻高額,推 D13 Top 規則加價購 / 專屬客服,12,21,49493
C0638,G5 Potential Loyalists,1,VIP 高頻高額,推 D13 Top 規則加價購 / 專屬客服,25,5,73577
C1331,G7 Hibernating,3,穩定中段,推次高規則 + 定期 Banner 維繫,91,1,37662
C1054,G8 Lost,3,穩定中段,推次高規則 + 定期 Banner 維繫,89,2,13198
C1371,G8 Lost,0,沉睡客戶,大優惠喚醒 + 個人化召回簡訊,295,0,12947
C0173,G2 Loyal,1,VIP 高頻高額,推 D13 Top 規則加價購 / 專屬客服,25,12,22229
C0451,G8 Lost,3,穩定中段,推次高規則 + 定期 Banner 維繫,31,5,29511
C0126,G1 VIP(Champions),1,VIP 高頻高額,推 D13 Top 規則加價購 / 專屬客服,8,8,52313
C1180,G8 Lost,2,流失高風險,"加碼折扣 + 主動關懷,搶在流失前挽留",48,4,11374
C0531,G5 Potential Loyalists,2,流失高風險,"加碼折扣 + 主動關懷,搶在流失前挽留",18,5,36711
C0858,G5 Potential Loyalists,2,流失高風險,"加碼折扣 + 主動關懷,搶在流失前挽留",22,5,42665
C0714,G8 Lost,2,流失高風險,"加碼折扣 + 主動關懷,搶在流失前挽留",35,7,30339
C0091,G1 VIP(Champions),1,VIP 高頻高額,推 D13 Top 規則加價購 / 專屬客服,0,16,40494
C1451,G7 Hibernating,0,沉睡客戶,大優惠喚醒 + 個人化召回簡訊,259,0,53626
C0182,G8 Lost,3,穩定中段,推次高規則 + 定期 Banner 維繫,16,12,12919
C0876,G8 Lost,3,穩定中段,推次高規則 + 定期 Banner 維繫,44,8,20198
C1031,G8 Lost,3,穩定中段,推次高規則 + 定期 Banner 維繫,64,3,19217
C0787,G8 Lost,3,穩定中段,推次高規則 + 定期 Banner 維繫,37,5,32297
C0415,G6 At Risk,3,穩定中段,推次高規則 + 定期 Banner 維繫,48,6,40966
C0252,G2 Loyal,3,穩定中段,推次高規則 + 定期 Banner 維繫,25,8,23799
C0070,G8 Lost,1,VIP 高頻高額,推 D13 Top 規則加價購 / 專屬客服,1,22,7429
C0804,G2 Loyal,1,VIP 高頻高額,推 D13 Top 規則加價購 / 專屬客服,40,9,46744
C0132,G1 VIP(Champions),1,VIP 高頻高額,推 D13 Top 規則加價購 / 專屬客服,23,22,98975
C0301,G5 Potential Loyalists,1,VIP 高頻高額,推 D13 Top 規則加價購 / 專屬客服,7,6,54112
C1430,G8 Lost,3,穩定中段,推次高規則 + 定期 Banner 維繫,116,0,8698
C0327,G1 VIP(Champions),1,VIP 高頻高額,推 D13 Top 規則加價購 / 專屬客服,19,11,46917
C1465,G8 Lost,0,沉睡客戶,大優惠喚醒 + 個人化召回簡訊,188,1,12091
C1114,G7 Hibernating,2,流失高風險,"加碼折扣 + 主動關懷,搶在流失前挽留",57,1,22529
C0500,G2 Loyal,1,VIP 高頻高額,推 D13 Top 規則加價購 / 專屬客服,41,10,133249
C1378,G8 Lost,0,沉睡客戶,大優惠喚醒 + 個人化召回簡訊,243,0,14715
C0833,G6 At Risk,1,VIP 高頻高額,推 D13 Top 規則加價購 / 專屬客服,48,11,102500
C0365,G2 Loyal,1,VIP 高頻高額,推 D13 Top 規則加價購 / 專屬客服,35,8,50607
C0496,G1 VIP(Champions),1,VIP 高頻高額,推 D13 Top 規則加價購 / 專屬客服,13,8,48254
C1395,G8 Lost,0,沉睡客戶,大優惠喚醒 + 個人化召回簡訊,156,0,7043
C0339,G2 Loyal,1,VIP 高頻高額,推 D13 Top 規則加價購 / 專屬客服,33,8,50216
C0422,G2 Loyal,1,VIP 高頻高額,推 D13 Top 規則加價購 / 專屬客服,25,9,26865
C0165,G5 Potential Loyalists,3,穩定中段,推次高規則 + 定期 Banner 維繫,12,7,32077
C0029,G1 VIP(Champions),1,VIP 高頻高額,推 D13 Top 規則加價購 / 專屬客服,0,14,100744
C0517,G2 Loyal,2,流失高風險,"加碼折扣 + 主動關懷,搶在流失前挽留",44,9,44402
C0194,G6 At Risk,1,VIP 高頻高額,推 D13 Top 規則加價購 / 專屬客服,47,11,52783
C1328,G8 Lost,2,流失高風險,"加碼折扣 + 主動關懷,搶在流失前挽留",46,1,12645
C1362,G8 Lost,0,沉睡客戶,大優惠喚醒 + 個人化召回簡訊,217,0,8429
C0946,G7 Hibernating,2,流失高風險,"加碼折扣 + 主動關懷,搶在流失前挽留",63,1,40851
C1361,G8 Lost,0,沉睡客戶,大優惠喚醒 + 個人化召回簡訊,181,0,3331
C0170,G1 VIP(Champions),1,VIP 高頻高額,推 D13 Top 規則加價購 / 專屬客服,14,8,59476
C0168,G8 Lost,3,穩定中段,推次高規則 + 定期 Banner 維繫,36,5,32789
C0653,G8 Lost,3,穩定中段,推次高規則 + 定期 Banner 維繫,43,6,13241
C0174,G2 Loyal,1,VIP 高頻高額,推 D13 Top 規則加價購 / 專屬客服,28,8,29389
C0519,G8 Lost,2,流失高風險,"加碼折扣 + 主動關懷,搶在流失前挽留",21,10,11321
C1214,G8 Lost,3,穩定中段,推次高規則 + 定期 Banner 維繫,80,1,18424
C1401,G8 Lost,0,沉睡客戶,大優惠喚醒 + 個人化召回簡訊,253,0,17595
C0913,G7 Hibernating,2,流失高風險,"加碼折扣 + 主動關懷,搶在流失前挽留",46,4,43373
C0492,G5 Potential Loyalists,3,穩定中段,推次高規則 + 定期 Banner 維繫,10,6,33456
C0954,G8 Lost,3,穩定中段,推次高規則 + 定期 Banner 維繫,72,2,20232
C0074,G2 Loyal,1,VIP 高頻高額,推 D13 Top 規則加價購 / 專屬客服,13,24,21547
C1253,G8 Lost,2,流失高風險,"加碼折扣 + 主動關懷,搶在流失前挽留",105,1,6635
C0588,G8 Lost,2,流失高風險,"加碼折扣 + 主動關懷,搶在流失前挽留",38,10,12665
C0751,G1 VIP(Champions),1,VIP 高頻高額,推 D13 Top 規則加價購 / 專屬客服,23,11,57290
C0658,G5 Potential Loyalists,3,穩定中段,推次高規則 + 定期 Banner 維繫,13,6,24086
C0843,G8 Lost,2,流失高風險,"加碼折扣 + 主動關懷,搶在流失前挽留",34,9,16502
C0235,G5 Potential Loyalists,1,VIP 高頻高額,推 D13 Top 規則加價購 / 專屬客服,9,5,63313
C0733,G5 Potential Loyalists,2,流失高風險,"加碼折扣 + 主動關懷,搶在流失前挽留",17,6,36429
C0215,G1 VIP(Champions),2,流失高風險,"加碼折扣 + 主動關懷,搶在流失前挽留",13,10,36071
C0163,G1 VIP(Champions),1,VIP 高頻高額,推 D13 Top 規則加價購 / 專屬客服,14,10,43302
C0133,G1 VIP(Champions),1,VIP 高頻高額,推 D13 Top 規則加價購 / 專屬客服,0,24,77480
C1312,G8 Lost,3,穩定中段,推次高規則 + 定期 Banner 維繫,75,4,3595
C0223,G5 Potential Loyalists,3,穩定中段,推次高規則 + 定期 Banner 維繫,23,6,38948
C1228,G8 Lost,3,穩定中段,推次高規則 + 定期 Banner 維繫,85,2,10700
C0935,G8 Lost,2,流失高風險,"加碼折扣 + 主動關懷,搶在流失前挽留",60,3,12578
C0186,G1 VIP(Champions),1,VIP 高頻高額,推 D13 Top 規則加價購 / 專屬客服,16,10,51000
C0042,G1 VIP(Champions),1,VIP 高頻高額,推 D13 Top 規則加價購 / 專屬客服,13,12,45028
C0693,G8 Lost,3,穩定中段,推次高規則 + 定期 Banner 維繫,36,5,27494
C0109,G1 VIP(Champions),1,VIP 高頻高額,推 D13 Top 規則加價購 / 專屬客服,0,12,62758
C0039,G1 VIP(Champions),1,VIP 高頻高額,推 D13 Top 規則加價購 / 專屬客服,15,9,74062
C0569,G2 Loyal,2,流失高風險,"加碼折扣 + 主動關懷,搶在流失前挽留",28,8,24519
C0995,G7 Hibernating,3,穩定中段,推次高規則 + 定期 Banner 維繫,76,1,44883
C1343,G8 Lost,2,流失高風險,"加碼折扣 + 主動關懷,搶在流失前挽留",60,3,12040
C1442,G8 Lost,0,沉睡客戶,大優惠喚醒 + 個人化召回簡訊,232,0,8999
C0484,G8 Lost,1,VIP 高頻高額,推 D13 Top 規則加價購 / 專屬客服,38,6,57487
C0469,G2 Loyal,3,穩定中段,推次高規則 + 定期 Banner 維繫,16,9,22418
C0891,G5 Potential Loyalists,3,穩定中段,推次高規則 + 定期 Banner 維繫,23,7,30917
C0948,G7 Hibernating,2,流失高風險,"加碼折扣 + 主動關懷,搶在流失前挽留",121,3,33068
C0025,G1 VIP(Champions),1,VIP 高頻高額,推 D13 Top 規則加價購 / 專屬客服,0,25,62174
C1010,G8 Lost,3,穩定中段,推次高規則 + 定期 Banner 維繫,72,3,15730
C1193,G8 Lost,3,穩定中段,推次高規則 + 定期 Banner 維繫,41,2,13578
C0069,G1 VIP(Champions),1,VIP 高頻高額,推 D13 Top 規則加價購 / 專屬客服,5,21,49622
C0885,G5 Potential Loyalists,3,穩定中段,推次高規則 + 定期 Banner 維繫,24,6,15906
C1355,G8 Lost,0,沉睡客戶,大優惠喚醒 + 個人化召回簡訊,298,0,13148
C0367,G2 Loyal,1,VIP 高頻高額,推 D13 Top 規則加價購 / 專屬客服,4,9,22822
C0506,G8 Lost,2,流失高風險,"加碼折扣 + 主動關懷,搶在流失前挽留",47,10,17338
C0851,G8 Lost,1,VIP 高頻高額,推 D13 Top 規則加價購 / 專屬客服,32,5,50747
C1316,G8 Lost,2,流失高風險,"加碼折扣 + 主動關懷,搶在流失前挽留",60,1,11816
C0384,G5 Potential Loyalists,1,VIP 高頻高額,推 D13 Top 規則加價購 / 專屬客服,8,6,48295
C0735,G2 Loyal,1,VIP 高頻高額,推 D13 Top 規則加價購 / 專屬客服,42,10,48760
C0718,G1 VIP(Champions),1,VIP 高頻高額,推 D13 Top 規則加價購 / 專屬客服,23,10,194437
C1336,G7 Hibernating,3,穩定中段,推次高規則 + 定期 Banner 維繫,73,4,21782
C0455,G8 Lost,3,穩定中段,推次高規則 + 定期 Banner 維繫,44,6,39073
C0265,G2 Loyal,1,VIP 高頻高額,推 D13 Top 規則加價購 / 專屬客服,36,14,42942
C0076,G1 VIP(Champions),1,VIP 高頻高額,推 D13 Top 規則加價購 / 專屬客服,0,21,83796
C0915,G8 Lost,2,流失高風險,"加碼折扣 + 主動關懷,搶在流失前挽留",81,5,9587
C0233,G2 Loyal,1,VIP 高頻高額,推 D13 Top 規則加價購 / 專屬客服,36,11,53389
C0445,G5 Potential Loyalists,3,穩定中段,推次高規則 + 定期 Banner 維繫,0,7,29063
C0396,G5 Potential Loyalists,3,穩定中段,推次高規則 + 定期 Banner 維繫,11,5,11516
C0612,G1 VIP(Champions),1,VIP 高頻高額,推 D13 Top 規則加價購 / 專屬客服,13,8,33535
C0177,G1 VIP(Champions),1,VIP 高頻高額,推 D13 Top 規則加價購 / 專屬客服,11,12,62768
C0019,G1 VIP(Champions),1,VIP 高頻高額,推 D13 Top 規則加價購 / 專屬客服,10,11,57605
C1311,G8 Lost,3,穩定中段,推次高規則 + 定期 Banner 維繫,52,2,16732
C1222,G8 Lost,2,流失高風險,"加碼折扣 + 主動關懷,搶在流失前挽留",67,5,16580
C0342,G8 Lost,1,VIP 高頻高額,推 D13 Top 規則加價購 / 專屬客服,36,11,19822
C1348,G8 Lost,3,穩定中段,推次高規則 + 定期 Banner 維繫,95,3,6116
C0880,G2 Loyal,1,VIP 高頻高額,推 D13 Top 規則加價購 / 專屬客服,44,9,42947
C0596,G8 Lost,3,穩定中段,推次高規則 + 定期 Banner 維繫,40,7,23622
C0062,G1 VIP(Champions),1,VIP 高頻高額,推 D13 Top 規則加價購 / 專屬客服,4,24,68491
C1261,G8 Lost,2,流失高風險,"加碼折扣 + 主動關懷,搶在流失前挽留",96,1,14717
C0273,G5 Potential Loyalists,3,穩定中段,推次高規則 + 定期 Banner 維繫,23,7,8757
C1209,G8 Lost,2,流失高風險,"加碼折扣 + 主動關懷,搶在流失前挽留",98,2,14849
C0873,G8 Lost,1,VIP 高頻高額,推 D13 Top 規則加價購 / 專屬客服,31,12,19114
C1121,G7 Hibernating,2,流失高風險,"加碼折扣 + 主動關懷,搶在流失前挽留",56,1,70596
C1407,G8 Lost,0,沉睡客戶,大優惠喚醒 + 個人化召回簡訊,343,0,9945
C0279,G8 Lost,3,穩定中段,推次高規則 + 定期 Banner 維繫,6,10,15441
C0037,G1 VIP(Champions),1,VIP 高頻高額,推 D13 Top 規則加價購 / 專屬客服,21,25,133056
C0663,G2 Loyal,1,VIP 高頻高額,推 D13 Top 規則加價購 / 專屬客服,43,8,74759
C1352,G8 Lost,0,沉睡客戶,大優惠喚醒 + 個人化召回簡訊,218,0,5165
C1090,G7 Hibernating,3,穩定中段,推次高規則 + 定期 Banner 維繫,109,4,24166
C0978,G7 Hibernating,3,穩定中段,推次高規則 + 定期 Banner 維繫,76,2,25813
C0739,G2 Loyal,1,VIP 高頻高額,推 D13 Top 規則加價購 / 專屬客服,37,8,31829
C0192,G1 VIP(Champions),1,VIP 高頻高額,推 D13 Top 規則加價購 / 專屬客服,23,8,53182
C0920,G8 Lost,2,流失高風險,"加碼折扣 + 主動關懷,搶在流失前挽留",51,5,9986
C0457,G3 Big Spenders,1,VIP 高頻高額,推 D13 Top 規則加價購 / 專屬客服,21,4,68816
C0676,G1 VIP(Champions),1,VIP 高頻高額,推 D13 Top 規則加價購 / 專屬客服,23,8,45860
C0761,G8 Lost,3,穩定中段,推次高規則 + 定期 Banner 維繫,35,11,14882
C1353,G7 Hibernating,0,沉睡客戶,大優惠喚醒 + 個人化召回簡訊,258,1,20867
C0729,G5 Potential Loyalists,2,流失高風險,"加碼折扣 + 主動關懷,搶在流失前挽留",0,7,12307
C0413,G7 Hibernating,3,穩定中段,推次高規則 + 定期 Banner 維繫,47,4,27920
C0826,G5 Potential Loyalists,3,穩定中段,推次高規則 + 定期 Banner 維繫,27,5,23323
C0617,G8 Lost,3,穩定中段,推次高規則 + 定期 Banner 維繫,11,8,19163
C0115,G5 Potential Loyalists,1,VIP 高頻高額,推 D13 Top 規則加價購 / 專屬客服,8,7,63529
C0418,G8 Lost,3,穩定中段,推次高規則 + 定期 Banner 維繫,34,7,21467
C1429,G8 Lost,0,沉睡客戶,大優惠喚醒 + 個人化召回簡訊,243,0,4907
C0970,G8 Lost,3,穩定中段,推次高規則 + 定期 Banner 維繫,67,1,11843
C0605,G5 Potential Loyalists,3,穩定中段,推次高規則 + 定期 Banner 維繫,26,6,20567
C1435,G7 Hibernating,3,穩定中段,推次高規則 + 定期 Banner 維繫,94,0,23356
C0090,G1 VIP(Champions),1,VIP 高頻高額,推 D13 Top 規則加價購 / 專屬客服,15,21,181351
C0849,G1 VIP(Champions),1,VIP 高頻高額,推 D13 Top 規則加價購 / 專屬客服,12,8,60941
C1146,G8 Lost,3,穩定中段,推次高規則 + 定期 Banner 維繫,83,1,12817
C1434,G8 Lost,0,沉睡客戶,大優惠喚醒 + 個人化召回簡訊,308,0,16074
C0754,G6 At Risk,1,VIP 高頻高額,推 D13 Top 規則加價購 / 專屬客服,46,8,40038
C0499,G1 VIP(Champions),1,VIP 高頻高額,推 D13 Top 規則加價購 / 專屬客服,8,11,42417
C0012,G1 VIP(Champions),1,VIP 高頻高額,推 D13 Top 規則加價購 / 專屬客服,22,12,41402
C0397,G2 Loyal,1,VIP 高頻高額,推 D13 Top 規則加價購 / 專屬客服,23,9,30639
C0285,G1 VIP(Champions),1,VIP 高頻高額,推 D13 Top 規則加價購 / 專屬客服,22,10,40554
C0691,G2 Loyal,1,VIP 高頻高額,推 D13 Top 規則加價購 / 專屬客服,37,11,25905
C1231,G8 Lost,3,穩定中段,推次高規則 + 定期 Banner 維繫,90,1,10856
C1404,G8 Lost,0,沉睡客戶,大優惠喚醒 + 個人化召回簡訊,238,0,5247
C0690,G5 Potential Loyalists,1,VIP 高頻高額,推 D13 Top 規則加價購 / 專屬客服,24,6,100840
C0852,G5 Potential Loyalists,2,流失高風險,"加碼折扣 + 主動關懷,搶在流失前挽留",14,4,40655
C0160,G2 Loyal,1,VIP 高頻高額,推 D13 Top 規則加價購 / 專屬客服,26,12,28755
C0896,G5 Potential Loyalists,2,流失高風險,"加碼折扣 + 主動關懷,搶在流失前挽留",18,4,28841
C1190,G7 Hibernating,3,穩定中段,推次高規則 + 定期 Banner 維繫,51,1,21768
C0258,G5 Potential Loyalists,3,穩定中段,推次高規則 + 定期 Banner 維繫,5,4,35758
C0336,G1 VIP(Champions),1,VIP 高頻高額,推 D13 Top 規則加價購 / 專屬客服,10,9,96791
C1408,G8 Lost,0,沉睡客戶,大優惠喚醒 + 個人化召回簡訊,292,2,5223
C1040,G7 Hibernating,2,流失高風險,"加碼折扣 + 主動關懷,搶在流失前挽留",96,1,44737
C0516,G8 Lost,1,VIP 高頻高額,推 D13 Top 規則加價購 / 專屬客服,42,6,49336
C1016,G8 Lost,2,流失高風險,"加碼折扣 + 主動關懷,搶在流失前挽留",94,2,16048
C0769,G5 Potential Loyalists,1,VIP 高頻高額,推 D13 Top 規則加價購 / 專屬客服,27,6,42015
C1317,G7 Hibernating,2,流失高風險,"加碼折扣 + 主動關懷,搶在流失前挽留",91,2,22681
C0762,G2 Loyal,1,VIP 高頻高額,推 D13 Top 規則加價購 / 專屬客服,13,11,27062
C1103,G7 Hibernating,2,流失高風險,"加碼折扣 + 主動關懷,搶在流失前挽留",70,2,23599
C0522,G5 Potential Loyalists,3,穩定中段,推次高規則 + 定期 Banner 維繫,27,5,38084
C0023,G1 VIP(Champions),1,VIP 高頻高額,推 D13 Top 規則加價購 / 專屬客服,4,19,82603
C0357,G5 Potential Loyalists,1,VIP 高頻高額,推 D13 Top 規則加價購 / 專屬客服,16,5,70897
C1272,G8 Lost,3,穩定中段,推次高規則 + 定期 Banner 維繫,49,3,4640
C0341,G2 Loyal,1,VIP 高頻高額,推 D13 Top 規則加價購 / 專屬客服,19,8,28688
C0432,G2 Loyal,1,VIP 高頻高額,推 D13 Top 規則加價購 / 專屬客服,31,9,76269
C0474,G8 Lost,2,流失高風險,"加碼折扣 + 主動關懷,搶在流失前挽留",37,6,20611
C0218,G2 Loyal,1,VIP 高頻高額,推 D13 Top 規則加價購 / 專屬客服,43,11,34513
C0912,G8 Lost,3,穩定中段,推次高規則 + 定期 Banner 維繫,44,1,8981
C1205,G8 Lost,2,流失高風險,"加碼折扣 + 主動關懷,搶在流失前挽留",107,2,8306
C1012,G7 Hibernating,2,流失高風險,"加碼折扣 + 主動關懷,搶在流失前挽留",82,1,26325
C1459,G8 Lost,0,沉睡客戶,大優惠喚醒 + 個人化召回簡訊,286,1,6634
C0094,G1 VIP(Champions),1,VIP 高頻高額,推 D13 Top 規則加價購 / 專屬客服,17,11,63067
C1009,G7 Hibernating,3,穩定中段,推次高規則 + 定期 Banner 維繫,46,0,62506
C1071,G8 Lost,3,穩定中段,推次高規則 + 定期 Banner 維繫,107,0,11968
C0697,G8 Lost,3,穩定中段,推次高規則 + 定期 Banner 維繫,20,11,12784
C0997,G8 Lost,3,穩定中段,推次高規則 + 定期 Banner 維繫,92,3,19253
C0154,G8 Lost,3,穩定中段,推次高規則 + 定期 Banner 維繫,19,3,28776
C1300,G7 Hibernating,2,流失高風險,"加碼折扣 + 主動關懷,搶在流失前挽留",53,3,36725
C1498,G8 Lost,2,流失高風險,"加碼折扣 + 主動關懷,搶在流失前挽留",106,2,6809
C0790,G8 Lost,3,穩定中段,推次高規則 + 定期 Banner 維繫,12,9,20205
C0581,G2 Loyal,2,流失高風險,"加碼折扣 + 主動關懷,搶在流失前挽留",40,10,28077
C0704,G5 Potential Loyalists,1,VIP 高頻高額,推 D13 Top 規則加價購 / 專屬客服,2,7,44215
C1259,G7 Hibernating,2,流失高風險,"加碼折扣 + 主動關懷,搶在流失前挽留",98,0,25643
C0488,G1 VIP(Champions),1,VIP 高頻高額,推 D13 Top 規則加價購 / 專屬客服,1,11,102524
C0560,G8 Lost,3,穩定中段,推次高規則 + 定期 Banner 維繫,26,9,7366
C0802,G5 Potential Loyalists,3,穩定中段,推次高規則 + 定期 Banner 維繫,26,7,33835
C0513,G8 Lost,2,流失高風險,"加碼折扣 + 主動關懷,搶在流失前挽留",36,7,18353
C0634,G5 Potential Loyalists,3,穩定中段,推次高規則 + 定期 Banner 維繫,25,7,13305
C1111,G8 Lost,3,穩定中段,推次高規則 + 定期 Banner 維繫,114,3,14047
C1472,G8 Lost,0,沉睡客戶,大優惠喚醒 + 個人化召回簡訊,290,0,7773
C0791,G8 Lost,1,VIP 高頻高額,推 D13 Top 規則加價購 / 專屬客服,33,6,59089
C0117,G1 VIP(Champions),1,VIP 高頻高額,推 D13 Top 規則加價購 / 專屬客服,25,10,85465
C0741,G2 Loyal,1,VIP 高頻高額,推 D13 Top 規則加價購 / 專屬客服,19,10,22765
C1082,G7 Hibernating,2,流失高風險,"加碼折扣 + 主動關懷,搶在流失前挽留",63,3,28306
C0831,G2 Loyal,1,VIP 高頻高額,推 D13 Top 規則加價購 / 專屬客服,11,14,21136
C0120,G1 VIP(Champions),1,VIP 高頻高額,推 D13 Top 規則加價購 / 專屬客服,23,13,48041
C0657,G8 Lost,3,穩定中段,推次高規則 + 定期 Banner 維繫,51,7,10479
C0636,G5 Potential Loyalists,3,穩定中段,推次高規則 + 定期 Banner 維繫,13,7,11186
C0370,G8 Lost,1,VIP 高頻高額,推 D13 Top 規則加價購 / 專屬客服,34,11,20285
C0269,G2 Loyal,1,VIP 高頻高額,推 D13 Top 規則加價購 / 專屬客服,31,10,87517
C0656,G5 Potential Loyalists,1,VIP 高頻高額,推 D13 Top 規則加價購 / 專屬客服,20,6,84561
C0936,G8 Lost,2,流失高風險,"加碼折扣 + 主動關懷,搶在流失前挽留",64,3,13742
C0823,G8 Lost,2,流失高風險,"加碼折扣 + 主動關懷,搶在流失前挽留",26,8,19452
C0867,G2 Loyal,1,VIP 高頻高額,推 D13 Top 規則加價購 / 專屬客服,7,10,28110
C0047,G2 Loyal,1,VIP 高頻高額,推 D13 Top 規則加價購 / 專屬客服,35,19,84176
C1291,G6 At Risk,2,流失高風險,"加碼折扣 + 主動關懷,搶在流失前挽留",91,4,20874
C0992,G8 Lost,2,流失高風險,"加碼折扣 + 主動關懷,搶在流失前挽留",68,3,7318
C0877,G2 Loyal,1,VIP 高頻高額,推 D13 Top 規則加價購 / 專屬客服,9,11,22537
C0774,G1 VIP(Champions),1,VIP 高頻高額,推 D13 Top 規則加價購 / 專屬客服,15,9,39094
C1500,G8 Lost,2,流失高風險,"加碼折扣 + 主動關懷,搶在流失前挽留",124,1,9613
C0005,G1 VIP(Champions),1,VIP 高頻高額,推 D13 Top 規則加價購 / 專屬客服,10,23,47482
C1004,G7 Hibernating,3,穩定中段,推次高規則 + 定期 Banner 維繫,74,3,50783
C1302,G8 Lost,3,穩定中段,推次高規則 + 定期 Banner 維繫,87,1,6351
C0264,G5 Potential Loyalists,2,流失高風險,"加碼折扣 + 主動關懷,搶在流失前挽留",16,7,28140
C1334,G7 Hibernating,2,流失高風險,"加碼折扣 + 主動關懷,搶在流失前挽留",70,3,34875
C1443,G8 Lost,0,沉睡客戶,大優惠喚醒 + 個人化召回簡訊,323,1,8526
C0444,G1 VIP(Champions),1,VIP 高頻高額,推 D13 Top 規則加價購 / 專屬客服,12,8,62885
C1003,G8 Lost,3,穩定中段,推次高規則 + 定期 Banner 維繫,108,3,8929
C1078,G7 Hibernating,3,穩定中段,推次高規則 + 定期 Banner 維繫,81,1,30592
C0838,G5 Potential Loyalists,3,穩定中段,推次高規則 + 定期 Banner 維繫,17,6,27883
C1340,G8 Lost,2,流失高風險,"加碼折扣 + 主動關懷,搶在流失前挽留",79,5,12519
C0305,G8 Lost,3,穩定中段,推次高規則 + 定期 Banner 維繫,35,9,16573
C1175,G8 Lost,2,流失高風險,"加碼折扣 + 主動關懷,搶在流失前挽留",59,2,4726
C0314,G8 Lost,3,穩定中段,推次高規則 + 定期 Banner 維繫,32,4,45605
C0150,G1 VIP(Champions),1,VIP 高頻高額,推 D13 Top 規則加價購 / 專屬客服,10,14,69149
C0575,G8 Lost,2,流失高風險,"加碼折扣 + 主動關懷,搶在流失前挽留",36,6,22961
C0051,G1 VIP(Champions),1,VIP 高頻高額,推 D13 Top 規則加價購 / 專屬客服,14,22,36410
C1415,G8 Lost,3,穩定中段,推次高規則 + 定期 Banner 維繫,97,1,4157
C0727,G8 Lost,1,VIP 高頻高額,推 D13 Top 規則加價購 / 專屬客服,32,7,51444
C0834,G1 VIP(Champions),1,VIP 高頻高額,推 D13 Top 規則加價購 / 專屬客服,30,11,38139
C1116,G8 Lost,2,流失高風險,"加碼折扣 + 主動關懷,搶在流失前挽留",73,0,9450
C0471,G1 VIP(Champions),1,VIP 高頻高額,推 D13 Top 規則加價購 / 專屬客服,30,8,31989
C0972,G8 Lost,2,流失高風險,"加碼折扣 + 主動關懷,搶在流失前挽留",109,3,9673
C0654,G8 Lost,1,VIP 高頻高額,推 D13 Top 規則加價購 / 專屬客服,34,6,88082
C0400,G6 At Risk,1,VIP 高頻高額,推 D13 Top 規則加價購 / 專屬客服,46,6,89196
C0512,G8 Lost,3,穩定中段,推次高規則 + 定期 Banner 維繫,39,6,34547
C0321,G1 VIP(Champions),1,VIP 高頻高額,推 D13 Top 規則加價購 / 專屬客服,22,8,32271
C0020,G1 VIP(Champions),1,VIP 高頻高額,推 D13 Top 規則加價購 / 專屬客服,5,10,73416
C0685,G1 VIP(Champions),1,VIP 高頻高額,推 D13 Top 規則加價購 / 專屬客服,25,8,39924
C0036,G2 Loyal,1,VIP 高頻高額,推 D13 Top 規則加價購 / 專屬客服,9,14,23603
C0903,G8 Lost,3,穩定中段,推次高規則 + 定期 Banner 維繫,56,2,9761
C0828,G2 Loyal,1,VIP 高頻高額,推 D13 Top 規則加價購 / 專屬客服,39,8,39187
C1345,G7 Hibernating,3,穩定中段,推次高規則 + 定期 Banner 維繫,71,2,23920
C0408,G2 Loyal,1,VIP 高頻高額,推 D13 Top 規則加價購 / 專屬客服,20,9,28609
C0921,G8 Lost,2,流失高風險,"加碼折扣 + 主動關懷,搶在流失前挽留",100,4,2982
C0538,G8 Lost,2,流失高風險,"加碼折扣 + 主動關懷,搶在流失前挽留",30,8,9032
C0759,G8 Lost,3,穩定中段,推次高規則 + 定期 Banner 維繫,36,8,14248
C1063,G8 Lost,3,穩定中段,推次高規則 + 定期 Banner 維繫,98,3,5729
C0246,G8 Lost,3,穩定中段,推次高規則 + 定期 Banner 維繫,12,10,16060
C1128,G7 Hibernating,2,流失高風險,"加碼折扣 + 主動關懷,搶在流失前挽留",99,2,25806
C0785,G8 Lost,1,VIP 高頻高額,推 D13 Top 規則加價購 / 專屬客服,39,4,77372
C0490,G1 VIP(Champions),2,流失高風險,"加碼折扣 + 主動關懷,搶在流失前挽留",30,10,55950
C0155,G8 Lost,1,VIP 高頻高額,推 D13 Top 規則加價購 / 專屬客服,38,7,47322
C0962,G7 Hibernating,2,流失高風險,"加碼折扣 + 主動關懷,搶在流失前挽留",62,1,33330
C0854,G1 VIP(Champions),2,流失高風險,"加碼折扣 + 主動關懷,搶在流失前挽留",24,11,45202
C0626,G1 VIP(Champions),1,VIP 高頻高額,推 D13 Top 規則加價購 / 專屬客服,30,10,102130
C0686,G5 Potential Loyalists,1,VIP 高頻高額,推 D13 Top 規則加價購 / 專屬客服,17,6,44198
C0570,G5 Potential Loyalists,1,VIP 高頻高額,推 D13 Top 規則加價購 / 專屬客服,4,7,59082
C1427,G8 Lost,0,沉睡客戶,大優惠喚醒 + 個人化召回簡訊,166,2,5792
C0018,G1 VIP(Champions),1,VIP 高頻高額,推 D13 Top 規則加價購 / 專屬客服,20,17,69880
C0128,G1 VIP(Champions),1,VIP 高頻高額,推 D13 Top 規則加價購 / 專屬客服,11,9,68982
C0928,G8 Lost,2,流失高風險,"加碼折扣 + 主動關懷,搶在流失前挽留",114,1,8918
C0981,G7 Hibernating,3,穩定中段,推次高規則 + 定期 Banner 維繫,78,0,23014
C1470,G8 Lost,0,沉睡客戶,大優惠喚醒 + 個人化召回簡訊,188,0,9969
C0191,G8 Lost,2,流失高風險,"加碼折扣 + 主動關懷,搶在流失前挽留",33,7,17090
C1140,G7 Hibernating,2,流失高風險,"加碼折扣 + 主動關懷,搶在流失前挽留",84,1,31889
C0993,G8 Lost,3,穩定中段,推次高規則 + 定期 Banner 維繫,67,0,13867
C1464,G7 Hibernating,0,沉睡客戶,大優惠喚醒 + 個人化召回簡訊,219,0,24063
C1252,G8 Lost,2,流失高風險,"加碼折扣 + 主動關懷,搶在流失前挽留",94,4,8181
C0607,G8 Lost,3,穩定中段,推次高規則 + 定期 Banner 維繫,39,5,36802
C0181,G8 Lost,1,VIP 高頻高額,推 D13 Top 規則加價購 / 專屬客服,33,6,61587
C0302,G1 VIP(Champions),1,VIP 高頻高額,推 D13 Top 規則加價購 / 專屬客服,9,11,53446
C0497,G1 VIP(Champions),1,VIP 高頻高額,推 D13 Top 規則加價購 / 專屬客服,24,10,92418
C1315,G8 Lost,3,穩定中段,推次高規則 + 定期 Banner 維繫,116,2,17604
C1256,G7 Hibernating,2,流失高風險,"加碼折扣 + 主動關懷,搶在流失前挽留",107,3,42818
C1238,G8 Lost,3,穩定中段,推次高規則 + 定期 Banner 維繫,61,0,11647
C0518,G8 Lost,3,穩定中段,推次高規則 + 定期 Banner 維繫,31,6,24948
C1070,G8 Lost,2,流失高風險,"加碼折扣 + 主動關懷,搶在流失前挽留",83,4,9085
C0477,G8 Lost,3,穩定中段,推次高規則 + 定期 Banner 維繫,32,9,19923
C0158,G2 Loyal,1,VIP 高頻高額,推 D13 Top 規則加價購 / 專屬客服,5,11,30706
C1196,G8 Lost,2,流失高風險,"加碼折扣 + 主動關懷,搶在流失前挽留",86,4,15913
C0017,G2 Loyal,1,VIP 高頻高額,推 D13 Top 規則加價購 / 專屬客服,7,14,31015
C1073,G8 Lost,2,流失高風險,"加碼折扣 + 主動關懷,搶在流失前挽留",100,2,9064
C0547,G2 Loyal,1,VIP 高頻高額,推 D13 Top 規則加價購 / 專屬客服,43,11,76096
C0659,G5 Potential Loyalists,3,穩定中段,推次高規則 + 定期 Banner 維繫,19,7,27839
C1227,G8 Lost,2,流失高風險,"加碼折扣 + 主動關懷,搶在流失前挽留",103,2,9678
C1020,G8 Lost,3,穩定中段,推次高規則 + 定期 Banner 維繫,87,0,14330
C1319,G8 Lost,3,穩定中段,推次高規則 + 定期 Banner 維繫,51,3,11260
C0960,G7 Hibernating,3,穩定中段,推次高規則 + 定期 Banner 維繫,93,1,24425
C1410,G8 Lost,0,沉睡客戶,大優惠喚醒 + 個人化召回簡訊,189,1,15894
C0284,G1 VIP(Champions),1,VIP 高頻高額,推 D13 Top 規則加價購 / 專屬客服,20,10,55310
C0798,G8 Lost,3,穩定中段,推次高規則 + 定期 Banner 維繫,40,6,42919
C0226,G8 Lost,2,流失高風險,"加碼折扣 + 主動關懷,搶在流失前挽留",8,10,13088
C0027,G1 VIP(Champions),1,VIP 高頻高額,推 D13 Top 規則加價購 / 專屬客服,22,18,84132
C0438,G1 VIP(Champions),1,VIP 高頻高額,推 D13 Top 規則加價購 / 專屬客服,14,9,43387
C1458,G8 Lost,0,沉睡客戶,大優惠喚醒 + 個人化召回簡訊,158,0,2895
C0230,G5 Potential Loyalists,2,流失高風險,"加碼折扣 + 主動關懷,搶在流失前挽留",15,6,10137
C0038,G1 VIP(Champions),1,VIP 高頻高額,推 D13 Top 規則加價購 / 專屬客服,0,21,34612
C0750,G8 Lost,2,流失高風險,"加碼折扣 + 主動關懷,搶在流失前挽留",19,7,11898
C1046,G8 Lost,2,流失高風險,"加碼折扣 + 主動關懷,搶在流失前挽留",103,1,9709
C0470,G5 Potential Loyalists,1,VIP 高頻高額,推 D13 Top 規則加價購 / 專屬客服,24,5,50049
C1279,G8 Lost,2,流失高風險,"加碼折扣 + 主動關懷,搶在流失前挽留",118,3,14628
C1473,G8 Lost,0,沉睡客戶,大優惠喚醒 + 個人化召回簡訊,207,1,9127
C0688,G5 Potential Loyalists,3,穩定中段,推次高規則 + 定期 Banner 維繫,5,5,26808
C1379,G8 Lost,0,沉睡客戶,大優惠喚醒 + 個人化召回簡訊,207,0,13230
C0640,G5 Potential Loyalists,2,流失高風險,"加碼折扣 + 主動關懷,搶在流失前挽留",24,5,7951
C1417,G8 Lost,2,流失高風險,"加碼折扣 + 主動關懷,搶在流失前挽留",120,0,6215
C1219,G8 Lost,2,流失高風險,"加碼折扣 + 主動關懷,搶在流失前挽留",52,0,13196
C1159,G7 Hibernating,2,流失高風險,"加碼折扣 + 主動關懷,搶在流失前挽留",92,2,55938
C1251,G8 Lost,2,流失高風險,"加碼折扣 + 主動關懷,搶在流失前挽留",60,5,10897
C1440,G8 Lost,0,沉睡客戶,大優惠喚醒 + 個人化召回簡訊,299,2,8416
C0801,G8 Lost,3,穩定中段,推次高規則 + 定期 Banner 維繫,34,7,17740
C0161,G2 Loyal,1,VIP 高頻高額,推 D13 Top 規則加價購 / 專屬客服,40,8,66045
C0957,G8 Lost,2,流失高風險,"加碼折扣 + 主動關懷,搶在流失前挽留",93,1,19987
C1187,G6 At Risk,1,VIP 高頻高額,推 D13 Top 規則加價購 / 專屬客服,51,5,57705
C0822,G1 VIP(Champions),1,VIP 高頻高額,推 D13 Top 規則加價購 / 專屬客服,29,13,45252
C1271,G8 Lost,2,流失高風險,"加碼折扣 + 主動關懷,搶在流失前挽留",60,2,12943
C0878,G1 VIP(Champions),1,VIP 高頻高額,推 D13 Top 規則加價購 / 專屬客服,21,10,46486
C0914,G8 Lost,2,流失高風險,"加碼折扣 + 主動關懷,搶在流失前挽留",56,1,6863
C0153,G5 Potential Loyalists,3,穩定中段,推次高規則 + 定期 Banner 維繫,16,5,42233
C1374,G8 Lost,0,沉睡客戶,大優惠喚醒 + 個人化召回簡訊,252,0,10712
C0510,G2 Loyal,1,VIP 高頻高額,推 D13 Top 規則加價購 / 專屬客服,19,10,29244
C1136,G8 Lost,2,流失高風險,"加碼折扣 + 主動關懷,搶在流失前挽留",75,2,9916
C1322,G8 Lost,2,流失高風險,"加碼折扣 + 主動關懷,搶在流失前挽留",48,3,14469
C0104,G1 VIP(Champions),1,VIP 高頻高額,推 D13 Top 規則加價購 / 專屬客服,8,11,41706
C0587,G2 Loyal,3,穩定中段,推次高規則 + 定期 Banner 維繫,28,9,21268
C1329,G8 Lost,3,穩定中段,推次高規則 + 定期 Banner 維繫,96,2,18526
C1144,G8 Lost,2,流失高風險,"加碼折扣 + 主動關懷,搶在流失前挽留",102,2,8085
C0054,G1 VIP(Champions),1,VIP 高頻高額,推 D13 Top 規則加價購 / 專屬客服,0,12,75752
C0152,G2 Loyal,1,VIP 高頻高額,推 D13 Top 規則加價購 / 專屬客服,34,11,61336
C0404,G5 Potential Loyalists,3,穩定中段,推次高規則 + 定期 Banner 維繫,15,5,20532
C1455,G8 Lost,3,穩定中段,推次高規則 + 定期 Banner 維繫,100,1,11336
C0208,G6 At Risk,1,VIP 高頻高額,推 D13 Top 規則加價購 / 專屬客服,47,7,89915
C1418,G8 Lost,0,沉睡客戶,大優惠喚醒 + 個人化召回簡訊,289,1,9482
C1123,G8 Lost,2,流失高風險,"加碼折扣 + 主動關懷,搶在流失前挽留",94,3,8518
C0009,G1 VIP(Champions),1,VIP 高頻高額,推 D13 Top 規則加價購 / 專屬客服,0,11,104647
C1015,G6 At Risk,3,穩定中段,推次高規則 + 定期 Banner 維繫,78,4,59626
C1344,G8 Lost,2,流失高風險,"加碼折扣 + 主動關懷,搶在流失前挽留",83,2,10156
C1061,G7 Hibernating,2,流失高風險,"加碼折扣 + 主動關懷,搶在流失前挽留",58,2,24882
C0453,G2 Loyal,1,VIP 高頻高額,推 D13 Top 規則加價購 / 專屬客服,35,10,36920
C0254,G1 VIP(Champions),1,VIP 高頻高額,推 D13 Top 規則加價購 / 專屬客服,13,10,45797
C0897,G6 At Risk,1,VIP 高頻高額,推 D13 Top 規則加價購 / 專屬客服,46,7,42554
C1309,G8 Lost,3,穩定中段,推次高規則 + 定期 Banner 維繫,42,3,19671
C0881,G1 VIP(Champions),1,VIP 高頻高額,推 D13 Top 規則加價購 / 專屬客服,30,11,51911
C1428,G8 Lost,0,沉睡客戶,大優惠喚醒 + 個人化召回簡訊,184,0,15751
C0624,G2 Loyal,2,流失高風險,"加碼折扣 + 主動關懷,搶在流失前挽留",41,7,33496
C0346,G1 VIP(Champions),1,VIP 高頻高額,推 D13 Top 規則加價購 / 專屬客服,17,12,54312
C1287,G7 Hibernating,2,流失高風險,"加碼折扣 + 主動關懷,搶在流失前挽留",49,1,24159
C0263,G5 Potential Loyalists,2,流失高風險,"加碼折扣 + 主動關懷,搶在流失前挽留",20,5,7673
C0151,G2 Loyal,1,VIP 高頻高額,推 D13 Top 規則加價購 / 專屬客服,41,11,62318
C0473,G1 VIP(Champions),1,VIP 高頻高額,推 D13 Top 規則加價購 / 專屬客服,3,7,52100
C0641,G8 Lost,2,流失高風險,"加碼折扣 + 主動關懷,搶在流失前挽留",27,8,17885
C1485,G8 Lost,0,沉睡客戶,大優惠喚醒 + 個人化召回簡訊,354,1,8046
C1411,G8 Lost,0,沉睡客戶,大優惠喚醒 + 個人化召回簡訊,226,0,9239
C0551,G8 Lost,3,穩定中段,推次高規則 + 定期 Banner 維繫,41,7,15515
C0929,G8 Lost,2,流失高風險,"加碼折扣 + 主動關懷,搶在流失前挽留",52,0,14377
C0489,G8 Lost,3,穩定中段,推次高規則 + 定期 Banner 維繫,17,9,17732
C1357,G8 Lost,0,沉睡客戶,大優惠喚醒 + 個人化召回簡訊,230,3,9737
C1172,G7 Hibernating,2,流失高風險,"加碼折扣 + 主動關懷,搶在流失前挽留",52,3,50957
C0147,G1 VIP(Champions),1,VIP 高頻高額,推 D13 Top 規則加價購 / 專屬客服,0,11,41657
C0403,G2 Loyal,1,VIP 高頻高額,推 D13 Top 規則加價購 / 專屬客服,31,10,53344
C0955,G7 Hibernating,2,流失高風險,"加碼折扣 + 主動關懷,搶在流失前挽留",76,0,26269
C1406,G7 Hibernating,0,沉睡客戶,大優惠喚醒 + 個人化召回簡訊,253,0,24796
C0660,G1 VIP(Champions),1,VIP 高頻高額,推 D13 Top 規則加價購 / 專屬客服,25,9,67493
C0464,G2 Loyal,1,VIP 高頻高額,推 D13 Top 規則加價購 / 專屬客服,35,8,92732
C0187,G1 VIP(Champions),1,VIP 高頻高額,推 D13 Top 規則加價購 / 專屬客服,18,8,107259
C1148,G7 Hibernating,2,流失高風險,"加碼折扣 + 主動關懷,搶在流失前挽留",117,3,39160
C1225,G8 Lost,3,穩定中段,推次高規則 + 定期 Banner 維繫,112,0,8643
C0609,G1 VIP(Champions),1,VIP 高頻高額,推 D13 Top 規則加價購 / 專屬客服,28,10,42569
C0144,G1 VIP(Champions),1,VIP 高頻高額,推 D13 Top 規則加價購 / 專屬客服,2,10,40846
C0752,G8 Lost,3,穩定中段,推次高規則 + 定期 Banner 維繫,35,5,27420
C0982,G8 Lost,2,流失高風險,"加碼折扣 + 主動關懷,搶在流失前挽留",53,4,14937
C0198,G2 Loyal,1,VIP 高頻高額,推 D13 Top 規則加價購 / 專屬客服,33,10,51811
C0884,G1 VIP(Champions),1,VIP 高頻高額,推 D13 Top 規則加價購 / 專屬客服,21,8,39472
C0280,G1 VIP(Champions),1,VIP 高頻高額,推 D13 Top 規則加價購 / 專屬客服,11,7,51126
C0294,G8 Lost,3,穩定中段,推次高規則 + 定期 Banner 維繫,38,7,18411
C1365,G7 Hibernating,0,沉睡客戶,大優惠喚醒 + 個人化召回簡訊,214,0,27236
C0401,G1 VIP(Champions),1,VIP 高頻高額,推 D13 Top 規則加價購 / 專屬客服,0,13,50051
C0123,G2 Loyal,3,穩定中段,推次高規則 + 定期 Banner 維繫,8,7,22522
C1208,G8 Lost,2,流失高風險,"加碼折扣 + 主動關懷,搶在流失前挽留",96,1,13499
C0203,G5 Potential Loyalists,2,流失高風險,"加碼折扣 + 主動關懷,搶在流失前挽留",15,5,38120
C0836,G8 Lost,3,穩定中段,推次高規則 + 定期 Banner 維繫,24,10,15675
C0247,G8 Lost,2,流失高風險,"加碼折扣 + 主動關懷,搶在流失前挽留",33,6,40268
C1423,G8 Lost,0,沉睡客戶,大優惠喚醒 + 個人化召回簡訊,344,3,4121
C1409,G8 Lost,0,沉睡客戶,大優惠喚醒 + 個人化召回簡訊,336,0,4171
C1154,G7 Hibernating,3,穩定中段,推次高規則 + 定期 Banner 維繫,106,1,31921
C0385,G2 Loyal,1,VIP 高頻高額,推 D13 Top 規則加價購 / 專屬客服,45,9,32749
C1323,G8 Lost,3,穩定中段,推次高規則 + 定期 Banner 維繫,105,2,10764
C0855,G1 VIP(Champions),1,VIP 高頻高額,推 D13 Top 規則加價購 / 專屬客服,24,12,125482
C0220,G5 Potential Loyalists,3,穩定中段,推次高規則 + 定期 Banner 維繫,24,6,33871
C0642,G5 Potential Loyalists,3,穩定中段,推次高規則 + 定期 Banner 維繫,18,5,32265
C0002,G1 VIP(Champions),1,VIP 高頻高額,推 D13 Top 規則加價購 / 專屬客服,2,8,7500000
C0113,G1 VIP(Champions),1,VIP 高頻高額,推 D13 Top 規則加價購 / 專屬客服,15,8,71247
C0699,G5 Potential Loyalists,1,VIP 高頻高額,推 D13 Top 規則加價購 / 專屬客服,24,6,65883
C1432,G8 Lost,0,沉睡客戶,大優惠喚醒 + 個人化召回簡訊,199,1,19670
C0952,G8 Lost,2,流失高風險,"加碼折扣 + 主動關懷,搶在流失前挽留",63,1,5661
C1318,G7 Hibernating,3,穩定中段,推次高規則 + 定期 Banner 維繫,48,2,21888
C1292,G8 Lost,3,穩定中段,推次高規則 + 定期 Banner 維繫,102,4,16715
C1354,G8 Lost,0,沉睡客戶,大優惠喚醒 + 個人化召回簡訊,229,2,5523
C0442,G8 Lost,3,穩定中段,推次高規則 + 定期 Banner 維繫,41,3,65962
C1137,G7 Hibernating,3,穩定中段,推次高規則 + 定期 Banner 維繫,99,2,35427
C1257,G7 Hibernating,3,穩定中段,推次高規則 + 定期 Banner 維繫,97,1,33228
C0664,G2 Loyal,3,穩定中段,推次高規則 + 定期 Banner 維繫,11,7,24899
C1373,G8 Lost,0,沉睡客戶,大優惠喚醒 + 個人化召回簡訊,360,1,8726
C1258,G8 Lost,2,流失高風險,"加碼折扣 + 主動關懷,搶在流失前挽留",99,1,7304
C1332,G8 Lost,3,穩定中段,推次高規則 + 定期 Banner 維繫,42,3,26655
C0318,G8 Lost,3,穩定中段,推次高規則 + 定期 Banner 維繫,30,8,17361
C0649,G1 VIP(Champions),1,VIP 高頻高額,推 D13 Top 規則加價購 / 專屬客服,4,7,145945
C0710,G2 Loyal,3,穩定中段,推次高規則 + 定期 Banner 維繫,14,8,24294
C1283,G8 Lost,2,流失高風險,"加碼折扣 + 主動關懷,搶在流失前挽留",96,4,7644
C0973,G8 Lost,3,穩定中段,推次高規則 + 定期 Banner 維繫,70,4,7302
C0628,G6 At Risk,2,流失高風險,"加碼折扣 + 主動關懷,搶在流失前挽留",48,13,51693
C0633,G1 VIP(Champions),1,VIP 高頻高額,推 D13 Top 規則加價購 / 專屬客服,7,8,41305
C1307,G7 Hibernating,2,流失高風險,"加碼折扣 + 主動關懷,搶在流失前挽留",47,2,35127
C1249,G8 Lost,2,流失高風險,"加碼折扣 + 主動關懷,搶在流失前挽留",35,2,18606
C1462,G8 Lost,0,沉睡客戶,大優惠喚醒 + 個人化召回簡訊,269,0,14072
C1255,G8 Lost,3,穩定中段,推次高規則 + 定期 Banner 維繫,56,0,15144
C1384,G8 Lost,0,沉睡客戶,大優惠喚醒 + 個人化召回簡訊,144,2,5055
C0796,G1 VIP(Champions),1,VIP 高頻高額,推 D13 Top 規則加價購 / 專屬客服,5,11,208171
C0646,G5 Potential Loyalists,3,穩定中段,推次高規則 + 定期 Banner 維繫,11,6,15916
C1013,G8 Lost,3,穩定中段,推次高規則 + 定期 Banner 維繫,37,4,11715
C0557,G8 Lost,3,穩定中段,推次高規則 + 定期 Banner 維繫,33,5,28767
C0682,G2 Loyal,1,VIP 高頻高額,推 D13 Top 規則加價購 / 專屬客服,39,8,44758
C0578,G8 Lost,3,穩定中段,推次高規則 + 定期 Banner 維繫,8,8,6794
C1110,G8 Lost,2,流失高風險,"加碼折扣 + 主動關懷,搶在流失前挽留",108,1,8450
C1267,G7 Hibernating,2,流失高風險,"加碼折扣 + 主動關懷,搶在流失前挽留",110,3,26323
C1184,G8 Lost,2,流失高風險,"加碼折扣 + 主動關懷,搶在流失前挽留",45,4,62973
C0525,G1 VIP(Champions),1,VIP 高頻高額,推 D13 Top 規則加價購 / 專屬客服,14,11,79360
C1060,G8 Lost,3,穩定中段,推次高規則 + 定期 Banner 維繫,50,3,12098
C0541,G1 VIP(Champions),1,VIP 高頻高額,推 D13 Top 規則加價購 / 專屬客服,28,9,37421
C1195,G8 Lost,3,穩定中段,推次高規則 + 定期 Banner 維繫,101,5,9579
C0749,G6 At Risk,1,VIP 高頻高額,推 D13 Top 規則加價購 / 專屬客服,48,8,60652
C1387,G8 Lost,2,流失高風險,"加碼折扣 + 主動關懷,搶在流失前挽留",136,3,6289
C0485,G5 Potential Loyalists,1,VIP 高頻高額,推 D13 Top 規則加價購 / 專屬客服,30,4,89509
C0096,G1 VIP(Champions),1,VIP 高頻高額,推 D13 Top 規則加價購 / 專屬客服,8,13,166971
C1021,G8 Lost,3,穩定中段,推次高規則 + 定期 Banner 維繫,69,1,19168
C0564,G2 Loyal,1,VIP 高頻高額,推 D13 Top 規則加價購 / 專屬客服,13,8,30742
C1265,G8 Lost,3,穩定中段,推次高規則 + 定期 Banner 維繫,95,3,13254
C0743,G5 Potential Loyalists,3,穩定中段,推次高規則 + 定期 Banner 維繫,22,5,25114
C0864,G8 Lost,1,VIP 高頻高額,推 D13 Top 規則加價購 / 專屬客服,40,6,63240
C0892,G8 Lost,3,穩定中段,推次高規則 + 定期 Banner 維繫,20,10,15659
C1039,G8 Lost,2,流失高風險,"加碼折扣 + 主動關懷,搶在流失前挽留",31,2,5769
C0207,G2 Loyal,1,VIP 高頻高額,推 D13 Top 規則加價購 / 專屬客服,35,8,78881
C0393,G1 VIP(Champions),1,VIP 高頻高額,推 D13 Top 規則加價購 / 專屬客服,17,10,43653
C0795,G5 Potential Loyalists,3,穩定中段,推次高規則 + 定期 Banner 維繫,27,5,14085
C0871,G2 Loyal,1,VIP 高頻高額,推 D13 Top 規則加價購 / 專屬客服,20,12,25529
C0398,G2 Loyal,1,VIP 高頻高額,推 D13 Top 規則加價購 / 專屬客服,36,8,53468
C0767,G8 Lost,1,VIP 高頻高額,推 D13 Top 規則加價購 / 專屬客服,31,6,44627
C1377,G8 Lost,0,沉睡客戶,大優惠喚醒 + 個人化召回簡訊,349,1,11792
C1242,G7 Hibernating,2,流失高風險,"加碼折扣 + 主動關懷,搶在流失前挽留",68,3,29631
C1029,G8 Lost,2,流失高風險,"加碼折扣 + 主動關懷,搶在流失前挽留",59,3,18414
C0643,G1 VIP(Champions),1,VIP 高頻高額,推 D13 Top 規則加價購 / 專屬客服,23,10,32613
C0613,G2 Loyal,1,VIP 高頻高額,推 D13 Top 規則加價購 / 專屬客服,30,11,51927
C0961,G8 Lost,2,流失高風險,"加碼折扣 + 主動關懷,搶在流失前挽留",47,4,20084
C0726,G5 Potential Loyalists,3,穩定中段,推次高規則 + 定期 Banner 維繫,20,6,18165
C0684,G6 At Risk,1,VIP 高頻高額,推 D13 Top 規則加價購 / 專屬客服,46,9,33075
C0099,G1 VIP(Champions),1,VIP 高頻高額,推 D13 Top 規則加價購 / 專屬客服,11,11,81278
C0805,G2 Loyal,3,穩定中段,推次高規則 + 定期 Banner 維繫,17,7,20881
C0407,G2 Loyal,1,VIP 高頻高額,推 D13 Top 規則加價購 / 專屬客服,30,7,47032
C0503,G6 At Risk,2,流失高風險,"加碼折扣 + 主動關懷,搶在流失前挽留",47,9,37101
C1072,G8 Lost,2,流失高風險,"加碼折扣 + 主動關懷,搶在流失前挽留",104,2,14648
C1057,G8 Lost,3,穩定中段,推次高規則 + 定期 Banner 維繫,97,0,12985
C0930,G7 Hibernating,2,流失高風險,"加碼折扣 + 主動關懷,搶在流失前挽留",108,1,21277
C0780,G2 Loyal,2,流失高風險,"加碼折扣 + 主動關懷,搶在流失前挽留",33,7,23369
C0201,G8 Lost,3,穩定中段,推次高規則 + 定期 Banner 維繫,35,10,17410
C0135,G1 VIP(Champions),1,VIP 高頻高額,推 D13 Top 規則加價購 / 專屬客服,20,19,102884
C1052,G6 At Risk,2,流失高風險,"加碼折扣 + 主動關懷,搶在流失前挽留",54,4,48052
C0041,G1 VIP(Champions),1,VIP 高頻高額,推 D13 Top 規則加價購 / 專屬客服,0,18,38576
C1018,G7 Hibernating,3,穩定中段,推次高規則 + 定期 Banner 維繫,111,0,31324
C0231,G1 VIP(Champions),1,VIP 高頻高額,推 D13 Top 規則加價購 / 專屬客服,14,10,42860
C0379,G2 Loyal,1,VIP 高頻高額,推 D13 Top 規則加價購 / 專屬客服,23,9,24930
C0289,G2 Loyal,1,VIP 高頻高額,推 D13 Top 規則加價購 / 專屬客服,38,11,122972
C0419,G2 Loyal,3,穩定中段,推次高規則 + 定期 Banner 維繫,26,7,30102
C0392,G2 Loyal,3,穩定中段,推次高規則 + 定期 Banner 維繫,34,8,25353
C0593,G8 Lost,3,穩定中段,推次高規則 + 定期 Banner 維繫,36,6,25161
C1163,G8 Lost,2,流失高風險,"加碼折扣 + 主動關懷,搶在流失前挽留",80,0,9067
C1087,G8 Lost,2,流失高風險,"加碼折扣 + 主動關懷,搶在流失前挽留",48,2,12858
C0648,G2 Loyal,1,VIP 高頻高額,推 D13 Top 規則加價購 / 專屬客服,35,9,33846
C1153,G6 At Risk,3,穩定中段,推次高規則 + 定期 Banner 維繫,66,4,21514
C1368,G8 Lost,0,沉睡客戶,大優惠喚醒 + 個人化召回簡訊,255,1,10533
C0521,G8 Lost,3,穩定中段,推次高規則 + 定期 Banner 維繫,32,6,18538
C0065,G1 VIP(Champions),1,VIP 高頻高額,推 D13 Top 規則加價購 / 專屬客服,5,12,37969
C0015,G1 VIP(Champions),1,VIP 高頻高額,推 D13 Top 規則加價購 / 專屬客服,9,15,46683
C1181,G8 Lost,2,流失高風險,"加碼折扣 + 主動關懷,搶在流失前挽留",44,1,17969
C1065,G8 Lost,2,流失高風險,"加碼折扣 + 主動關懷,搶在流失前挽留",35,5,34932
C0493,G8 Lost,3,穩定中段,推次高規則 + 定期 Banner 維繫,34,10,8968
C0380,G2 Loyal,3,穩定中段,推次高規則 + 定期 Banner 維繫,25,8,26580
C0188,G8 Lost,2,流失高風險,"加碼折扣 + 主動關懷,搶在流失前挽留",48,8,9316
C0764,G5 Potential Loyalists,3,穩定中段,推次高規則 + 定期 Banner 維繫,22,4,14350
C0217,G2 Loyal,1,VIP 高頻高額,推 D13 Top 規則加價購 / 專屬客服,39,11,43019
C0792,G8 Lost,3,穩定中段,推次高規則 + 定期 Banner 維繫,22,11,8893
C1077,G8 Lost,2,流失高風險,"加碼折扣 + 主動關懷,搶在流失前挽留",117,4,12363
C0879,G2 Loyal,1,VIP 高頻高額,推 D13 Top 規則加價購 / 專屬客服,16,9,30733
C0338,G5 Potential Loyalists,3,穩定中段,推次高規則 + 定期 Banner 維繫,28,6,10938
C0720,G1 VIP(Champions),1,VIP 高頻高額,推 D13 Top 規則加價購 / 專屬客服,26,9,38455
C0296,G8 Lost,3,穩定中段,推次高規則 + 定期 Banner 維繫,13,3,25398
C1017,G7 Hibernating,2,流失高風險,"加碼折扣 + 主動關懷,搶在流失前挽留",59,2,33509
C1276,G8 Lost,3,穩定中段,推次高規則 + 定期 Banner 維繫,121,1,9942
C0456,G8 Lost,3,穩定中段,推次高規則 + 定期 Banner 維繫,38,4,29042
C1497,G8 Lost,2,流失高風險,"加碼折扣 + 主動關懷,搶在流失前挽留",122,1,18745
C0816,G8 Lost,3,穩定中段,推次高規則 + 定期 Banner 維繫,14,7,19640
C0270,G2 Loyal,3,穩定中段,推次高規則 + 定期 Banner 維繫,14,8,22302
C0996,G7 Hibernating,2,流失高風險,"加碼折扣 + 主動關懷,搶在流失前挽留",78,1,24928
C0202,G1 VIP(Champions),1,VIP 高頻高額,推 D13 Top 規則加價購 / 專屬客服,23,9,75997
C0162,G1 VIP(Champions),1,VIP 高頻高額,推 D13 Top 規則加價購 / 專屬客服,15,9,148647
C0730,G8 Lost,3,穩定中段,推次高規則 + 定期 Banner 維繫,40,5,48177
C0402,G2 Loyal,1,VIP 高頻高額,推 D13 Top 規則加價購 / 專屬客服,8,10,30367
C0703,G8 Lost,3,穩定中段,推次高規則 + 定期 Banner 維繫,34,5,13903
C1130,G8 Lost,3,穩定中段,推次高規則 + 定期 Banner 維繫,71,3,9829
C0566,G1 VIP(Champions),1,VIP 高頻高額,推 D13 Top 規則加價購 / 專屬客服,17,8,42560
C1414,G8 Lost,3,穩定中段,推次高規則 + 定期 Banner 維繫,152,3,8742
C1022,G8 Lost,3,穩定中段,推次高規則 + 定期 Banner 維繫,108,3,11593
C1026,G8 Lost,3,穩定中段,推次高規則 + 定期 Banner 維繫,122,1,14465
C1412,G8 Lost,0,沉睡客戶,大優惠喚醒 + 個人化召回簡訊,257,0,5917
C1105,G7 Hibernating,3,穩定中段,推次高規則 + 定期 Banner 維繫,54,0,24241
C0206,G2 Loyal,1,VIP 高頻高額,推 D13 Top 規則加價購 / 專屬客服,31,10,29402
C0035,G1 VIP(Champions),1,VIP 高頻高額,推 D13 Top 規則加價購 / 專屬客服,13,24,62002
C0776,G1 VIP(Champions),1,VIP 高頻高額,推 D13 Top 規則加價購 / 專屬客服,15,8,42709
C0509,G8 Lost,2,流失高風險,"加碼折扣 + 主動關懷,搶在流失前挽留",3,7,8528
C1476,G8 Lost,0,沉睡客戶,大優惠喚醒 + 個人化召回簡訊,282,0,4370
C1391,G8 Lost,0,沉睡客戶,大優惠喚醒 + 個人化召回簡訊,168,0,4872
C0092,G1 VIP(Champions),1,VIP 高頻高額,推 D13 Top 規則加價購 / 專屬客服,19,13,42212
C1364,G7 Hibernating,0,沉睡客戶,大優惠喚醒 + 個人化召回簡訊,283,3,23319
C0898,G1 VIP(Champions),1,VIP 高頻高額,推 D13 Top 規則加價購 / 專屬客服,11,11,44670
C0565,G1 VIP(Champions),1,VIP 高頻高額,推 D13 Top 規則加價購 / 專屬客服,19,8,35858
C1370,G8 Lost,0,沉睡客戶,大優惠喚醒 + 個人化召回簡訊,346,0,15382
C0777,G8 Lost,1,VIP 高頻高額,推 D13 Top 規則加價購 / 專屬客服,32,6,50298
C0242,G5 Potential Loyalists,1,VIP 高頻高額,推 D13 Top 規則加價購 / 專屬客服,9,6,117874
C0014,G1 VIP(Champions),1,VIP 高頻高額,推 D13 Top 規則加價購 / 專屬客服,4,10,36861
C0316,G1 VIP(Champions),1,VIP 高頻高額,推 D13 Top 規則加價購 / 專屬客服,16,11,66428
C0601,G1 VIP(Champions),1,VIP 高頻高額,推 D13 Top 規則加價購 / 專屬客服,19,9,33536
C0388,G8 Lost,2,流失高風險,"加碼折扣 + 主動關懷,搶在流失前挽留",33,10,9027
C1298,G7 Hibernating,2,流失高風險,"加碼折扣 + 主動關懷,搶在流失前挽留",64,1,41452
C0167,G2 Loyal,1,VIP 高頻高額,推 D13 Top 規則加價購 / 專屬客服,34,9,68125
C0841,G5 Potential Loyalists,1,VIP 高頻高額,推 D13 Top 規則加價購 / 專屬客服,17,5,61104
C0021,G1 VIP(Champions),1,VIP 高頻高額,推 D13 Top 規則加價購 / 專屬客服,11,11,55140
C0647,G2 Loyal,1,VIP 高頻高額,推 D13 Top 規則加價購 / 專屬客服,37,8,44555
C1155,G7 Hibernating,2,流失高風險,"加碼折扣 + 主動關懷,搶在流失前挽留",63,0,37748
C0832,G8 Lost,2,流失高風險,"加碼折扣 + 主動關懷,搶在流失前挽留",42,6,14254
C1268,G8 Lost,2,流失高風險,"加碼折扣 + 主動關懷,搶在流失前挽留",76,1,8817
C0563,G1 VIP(Champions),1,VIP 高頻高額,推 D13 Top 規則加價購 / 專屬客服,9,9,65178
C1461,G8 Lost,0,沉睡客戶,大優惠喚醒 + 個人化召回簡訊,269,2,4478
C0687,G8 Lost,3,穩定中段,推次高規則 + 定期 Banner 維繫,17,7,20324
C0958,G8 Lost,2,流失高風險,"加碼折扣 + 主動關懷,搶在流失前挽留",74,0,14836
C0190,G6 At Risk,1,VIP 高頻高額,推 D13 Top 規則加價購 / 專屬客服,48,10,30893
C0976,G7 Hibernating,3,穩定中段,推次高規則 + 定期 Banner 維繫,84,2,38160
C0700,G8 Lost,2,流失高風險,"加碼折扣 + 主動關懷,搶在流失前挽留",6,9,20039
C0511,G8 Lost,3,穩定中段,推次高規則 + 定期 Banner 維繫,34,6,17204
C1083,G7 Hibernating,3,穩定中段,推次高規則 + 定期 Banner 維繫,73,1,27350
C0475,G5 Potential Loyalists,3,穩定中段,推次高規則 + 定期 Banner 維繫,24,6,37606
C0857,G8 Lost,3,穩定中段,推次高規則 + 定期 Banner 維繫,42,11,18408
C0748,G2 Loyal,1,VIP 高頻高額,推 D13 Top 規則加價購 / 專屬客服,31,11,70098
C0253,G2 Loyal,1,VIP 高頻高額,推 D13 Top 規則加價購 / 專屬客服,38,10,22587
C0022,G1 VIP(Champions),1,VIP 高頻高額,推 D13 Top 規則加價購 / 專屬客服,11,11,191053
C1338,G8 Lost,2,流失高風險,"加碼折扣 + 主動關懷,搶在流失前挽留",83,2,12045
C0460,G2 Loyal,1,VIP 高頻高額,推 D13 Top 規則加價購 / 專屬客服,21,8,29839
C1185,G8 Lost,3,穩定中段,推次高規則 + 定期 Banner 維繫,85,2,19966
C0277,G1 VIP(Champions),1,VIP 高頻高額,推 D13 Top 規則加價購 / 專屬客服,19,11,33341
C0956,G8 Lost,3,穩定中段,推次高規則 + 定期 Banner 維繫,42,3,7123
C1216,G8 Lost,2,流失高風險,"加碼折扣 + 主動關懷,搶在流失前挽留",89,3,6559
C0386,G2 Loyal,1,VIP 高頻高額,推 D13 Top 規則加價購 / 專屬客服,15,8,31692
C0806,G2 Loyal,1,VIP 高頻高額,推 D13 Top 規則加價購 / 專屬客服,35,11,26360
C1438,G8 Lost,2,流失高風險,"加碼折扣 + 主動關懷,搶在流失前挽留",101,2,8198
C0344,G8 Lost,2,流失高風險,"加碼折扣 + 主動關懷,搶在流失前挽留",45,6,31451
C0770,G8 Lost,3,穩定中段,推次高規則 + 定期 Banner 維繫,44,6,37712
C1333,G8 Lost,3,穩定中段,推次高規則 + 定期 Banner 維繫,43,3,12056
C0131,G2 Loyal,1,VIP 高頻高額,推 D13 Top 規則加價購 / 專屬客服,8,23,27130
C0872,G8 Lost,3,穩定中段,推次高規則 + 定期 Banner 維繫,40,5,24161
C1124,G8 Lost,2,流失高風險,"加碼折扣 + 主動關懷,搶在流失前挽留",59,5,17214
C1397,G8 Lost,0,沉睡客戶,大優惠喚醒 + 個人化召回簡訊,360,0,10808
C0088,G1 VIP(Champions),1,VIP 高頻高額,推 D13 Top 規則加價購 / 專屬客服,5,8,59559
C1483,G8 Lost,0,沉睡客戶,大優惠喚醒 + 個人化召回簡訊,197,1,6984
C0331,G2 Loyal,3,穩定中段,推次高規則 + 定期 Banner 維繫,35,8,29797
C1239,G7 Hibernating,3,穩定中段,推次高規則 + 定期 Banner 維繫,78,3,30913
C0467,G2 Loyal,2,流失高風險,"加碼折扣 + 主動關懷,搶在流失前挽留",11,7,23876
C0122,G1 VIP(Champions),2,流失高風險,"加碼折扣 + 主動關懷,搶在流失前挽留",11,13,32845
C1045,G8 Lost,2,流失高風險,"加碼折扣 + 主動關懷,搶在流失前挽留",88,1,16296
C1096,G7 Hibernating,2,流失高風險,"加碼折扣 + 主動關懷,搶在流失前挽留",57,1,25971
C1131,G8 Lost,3,穩定中段,推次高規則 + 定期 Banner 維繫,102,2,11885
C1295,G6 At Risk,3,穩定中段,推次高規則 + 定期 Banner 維繫,113,4,22363
C0861,G8 Lost,2,流失高風險,"加碼折扣 + 主動關懷,搶在流失前挽留",32,7,15997
C1460,G8 Lost,2,流失高風險,"加碼折扣 + 主動關懷,搶在流失前挽留",105,1,9483
C1127,G8 Lost,3,穩定中段,推次高規則 + 定期 Banner 維繫,47,1,6245
